ID,Species,Group
CA.PGAv.1.6.scaffold2.60,CANN,G10
SF.scaffold7284.20,CASF,G10
ECW.scaffold7316.20,CECW,G10
CHIL_NBARC.Chr08.27,CHIL,G10
CZUN_NBARC.Chr01.20,CZUN,G10
CA.PGAv.1.6.scaffold2.63,CANN,G10
CA.PGAv.1.6.scaffold845.8,CANN,G10
ECW.scaffold20905.60,CECW,G10
CZUN_NBARC.Chr01.25,CZUN,G10
SF.scaffold20326.40,CASF,G10
CHIL_NBARC.Chr00.18,CHIL,G10
CZUN_NBARC.Chr00.89,CZUN,G10
SF.scaffold7284.30,CASF,G10
ECW.scaffold7316.30,CECW,G10
CHIL_NBARC.Chr08.28,CHIL,G10
CZUN_NBARC.Chr01.21,CZUN,G10
CA.PGAv.1.6.scaffold673.10,CANN,G10
ECW.scaffold2355.80,CECW,G10
SF.scaffold2376.100,CASF,G10
CZUN_NBARC.Chr00.165,CZUN,G10
CHIL_NBARC.Chr00.214,CHIL,G10
CASF_NBARC.scaffold5721.1,CASF,G10
ECW.scaffold17858.10,CECW,G10
SF.scaffold20326.60,CASF,G10
CANN_NBARC.PGAv.1.6.scaffold1227.1,CANN,G10
ECW.scaffold7316.50,CECW,G10
CZUN_NBARC.Chr01.22,CZUN,G10
SF.scaffold7284.50,CASF,G10
CHIL_NBARC.Chr08.29,CHIL,G10
CA.PGAv.1.6.scaffold845.3,CANN,G10
CA.PGAv.1.6.scaffold845.14,CANN,G10
CHIL_NBARC.Chr08.26,CHIL,G10
CA.PGAv.1.6.scaffold845.1,CANN,G10
CA.PGAv.1.6.scaffold845.2,CANN,G10
SF.scaffold26914.10,CASF,G10
CHIL_NBARC.Chr00.122,CHIL,G10
CZUN_NBARC.Chr00.90,CZUN,G10
ECW.scaffold120141.20,CECW,G10
CA.PGAv.1.6.scaffold1646.8,CANN,G10
SF.scaffold5721.60,CASF,G10
SF.scaffold7284.40,CASF,G10
ECW.scaffold7316.40,CECW,G10
CA.PGAv.1.6.scaffold137.47,CANN,G10
CZUN_NBARC.Chr01.13,CZUN,G10
ECW.scaffold52892.90,CECW,G10
CHIL_NBARC.Chr08.10,CHIL,G10
CA.PGAv.1.6.scaffold561.20,CANN,G10
ECW.scaffold4616.10,CECW,G10
SF.scaffold771.40,CASF,G10
CHIL_NBARC.Chr08.15,CHIL,G10
CZUN_NBARC.Chr01.17,CZUN,G10
CA.PGAv.1.6.scaffold1227.23,CANN,G10
CZUN_NBARC.Chr01.23,CZUN,G10
CASF_NBARC.scaffold7284.1,CASF,G10
ECW.scaffold7316.70,CECW,G10
CHIL_NBARC.Chr01.16,CHIL,G10
CECW_NBARC.scaffold37915.2,CECW,G10
CHIL_NBARC.Chr08.13,CHIL,G10
CZUN_NBARC.Chr01.15,CZUN,G10
CANN_NBARC.PGAv.1.6.scaffold500.1,CANN,G10
SF.scaffold8264.10,CASF,G10
ECW.scaffold21397.10,CECW,G10
CZUN_NBARC.Chr03.42,CZUN,G10
SF.scaffold22438.20,CASF,G10
Capana01g004035,CZUN,G10
CA.PGAv.1.6.scaffold845.13,CANN,G10
CZUN_NBARC.Chr01.24,CZUN,G10
CASF_NBARC.scaffold20326.1,CASF,G10
ECW.scaffold79223.10,CECW,G10
CZUN_NBARC.Chr01.19,CZUN,G10
CHIL_NBARC.Chr00.300,CHIL,G10
SF.scaffold125279.10,CASF,G10
CECW_NBARC.scaffold56840.1,CECW,G10
CHIL_NBARC.Chr00.285,CHIL,G10
Capana01g004387,CZUN,G10
CA.PGAv.1.6.scaffold137.49,CANN,G10
CHIL_NBARC.Chr08.9,CHIL,G10
CZUN_NBARC.Chr01.12,CZUN,G10
ECW.scaffold97293.10,CECW,G10
SF.scaffold137576.30,CASF,G10
CA.PGAv.1.6.scaffold151.22,CANN,G10
SF.scaffold34953.20,CASF,G10
CZUN_NBARC.Chr05.20,CZUN,G10
CHIL_NBARC.Chr00.29,CHIL,G10
CA.PGAv.1.6.scaffold561.22,CANN,G10
ECW.scaffold4616.20,CECW,G10
SF.scaffold771.30,CASF,G10
CANN_NBARC.PGAv.1.6.scaffold845.1,CANN,G10
CHIL_NBARC.Chr12.1,CHIL,G10
ECW.scaffold20905.10,CECW,G10
Capana01g004395,CZUN,G10
SF.scaffold80033.10,CASF,G10
RPS2_G10,Know,G10
CA.PGAv.1.6.scaffold313.13,CANN,G10
SF.scaffold17008.40,CASF,G10
CZUN_NBARC.Chr10.6,CZUN,G10
ECW.scaffold96109.30,CECW,G10
CHIL_NBARC.Chr10.3,CHIL,G10
CA.PGAv.1.6.scaffold641.2,CANN,G10
SF.scaffold9713.10,CASF,G10
ECW.scaffold6996.10,CECW,G10
CZUN_NBARC.Chr10.16,CZUN,G10
CA.PGAv.1.6.scaffold1161.58,CANN,G10
Pvr4_G10,Know,G10
CZUN_NBARC.Chr10.27,CZUN,G10
ECW.scaffold207572.10,CECW,G10
CHIL_NBARC.Chr10.35,CHIL,G10
SF.scaffold3631.300,CASF,G10
CZUN_NBARC.Chr10.21,CZUN,G10
ECW.scaffold3620.290,CECW,G10
CHIL_NBARC.Chr10.26,CHIL,G10
CASF_NBARC.scaffold34657.1,CASF,G10
SF.scaffold3631.310,CASF,G10
CZUN_NBARC.Chr10.22,CZUN,G10
ECW.scaffold3620.300,CECW,G10
CHIL_NBARC.Chr10.27,CHIL,G10
CA.PGAv.1.6.scaffold641.10,CANN,G10
CHIL_NBARC.Chr10.18,CHIL,G10
CECW_NBARC.scaffold15734.1,CECW,G10
SF.scaffold54.70,CASF,G10
CZUN_NBARC.Chr10.15,CZUN,G10
CA.PGAv.1.6.scaffold960.37,CANN,G10
ECW.scaffold77274.150,CECW,G10
SF.scaffold34657.200,CASF,G10
CZUN_NBARC.Chr10.29,CZUN,G10
CHIL_NBARC.Chr10.40,CHIL,G10
SF.scaffold3631.330,CASF,G10
Capana10g002398,CZUN,G10
ECW.scaffold3620.320,CECW,G10
CHIL_NBARC.Chr10.28,CHIL,G10
SF.scaffold54191.30,CASF,G10
ECW.scaffold6453.30,CECW,G10
CA.PGAv.1.6.scaffold960.2,CANN,G10
CA.PGAv.1.6.scaffold1161.51,CANN,G10
CECW_NBARC.scaffold3620.3,CECW,G10
CZUN_NBARC.Chr10.25,CZUN,G10
SF.scaffold34657.110,CASF,G10
CHIL_NBARC.Chr10.30,CHIL,G10
SF.scaffold54.100,CASF,G10
CHIL_NBARC.Chr10.19,CHIL,G10
ECW.scaffold185168.10,CECW,G10
CHIL_NBARC.Chr10.39,CHIL,G10
CZUN_NBARC.Chr10.30,CZUN,G10
CA.PGAv.1.6.scaffold1161.10,CANN,G10
ECW.scaffold6996.140,CECW,G10
SF.scaffold9713.130,CASF,G10
CHIL_NBARC.Chr10.22,CHIL,G10
CA.PGAv.1.6.scaffold1161.13,CANN,G10
SF.scaffold3631.10,CASF,G10
ECW.scaffold3620.10,CECW,G10
CHIL_NBARC.Chr10.24,CHIL,G10
CHIL_NBARC.Chr10.23,CHIL,G10
CA.PGAv.1.6.scaffold1161.16,CANN,G10
CZUN_NBARC.Chr10.19,CZUN,G10
ECW.scaffold3620.40,CECW,G10
SF.scaffold3631.40,CASF,G10
CHIL_NBARC.Chr10.25,CHIL,G10
CA.PGAv.1.6.scaffold960.21,CANN,G10
ECW.scaffold77274.320,CECW,G10
SF.scaffold34657.30,CASF,G10
CA.PGAv.1.6.scaffold1161.53,CANN,G10
SF.scaffold3631.490,CASF,G10
ECW.scaffold3620.490,CECW,G10
CHIL_NBARC.Chr10.33,CHIL,G10
CA.PGAv.1.6.scaffold135.41,CANN,G10
Capana12g002386,CZUN,G10
SF.scaffold4814.130,CASF,G10
CECW_NBARC.scaffold5084.1,CECW,G10
CA.PGAv.1.6.scaffold639.26,CANN,G10
SF.scaffold19452.40,CASF,G10
ECW.scaffold19522.40,CECW,G10
CHIL_NBARC.Chr09.86,CHIL,G10
CA.PGAv.1.6.scaffold639.28,CANN,G10
CHIL_NBARC.Chr09.87,CHIL,G10
CA.PGAv.1.6.scaffold1661.4,CANN,G10
SF.scaffold54313.10,CASF,G10
CHIL_NBARC.Chr00.258,CHIL,G10
ECW.scaffold636625.10,CECW,G10
CZUN_NBARC.Chr09.41,CZUN,G10
CANN_NBARC.PGAv.1.6.scaffold1661.1,CANN,G10
CHIL_NBARC.Chr00.293,CHIL,G10
CA.PGAv.1.6.scaffold1963.5,CANN,G10
CHIL_NBARC.Chr09.20,CHIL,G10
SF.scaffold21241.90,CASF,G10
ECW.scaffold21326.20,CECW,G10
Capana09g000163,CZUN,G10
CA.PGAv.1.6.scaffold1963.6,CANN,G10
SF.scaffold21241.80,CASF,G10
CHIL_NBARC.Chr09.21,CHIL,G10
ECW.scaffold21326.10,CECW,G10
Capana09g000164,CZUN,G10
CA.PGAv.1.6.scaffold1661.3,CANN,G10
CZUN_NBARC.Chr09.48,CZUN,G10
SF.scaffold265764.10,CASF,G10
CA.PGAv.1.6.scaffold1661.7,CANN,G10
CZUN_NBARC.Chr09.44,CZUN,G10
CA.PGAv.1.6.scaffold7523.1,CANN,G10
CHIL_NBARC.Chr00.256,CHIL,G10
CZUN_NBARC.Chr09.43,CZUN,G10
CA.PGAv.1.6.scaffold1661.1,CANN,G10
CHIL_NBARC.Chr00.207,CHIL,G10
CZUN_NBARC.Chr00.91,CZUN,G10
CA.PGAv.1.6.scaffold27.60,CANN,GT
ECW.scaffold417.30,CECW,GT
SF.scaffold19062.40,CASF,GT
CHIL_NBARC.Chr11.32,CHIL,GT
Capana11g001504,CZUN,GT
CA.PGAv.1.6.scaffold27.62,CANN,GT
ECW.scaffold417.20,CECW,GT
SF.scaffold19062.50,CASF,GT
CHIL_NBARC.Chr11.31,CHIL,GT
L6_GT,Know,GT
M_GT,Know,GT
CANN_NBARC.PGAv.1.6.scaffold107.1,CANN,GT
CHIL_NBARC.Chr12.15,CHIL,GT
CECW_NBARC.scaffold3303.1,CECW,GT
CASF_NBARC.scaffold76802.1,CASF,GT
CZUN_NBARC.Chr12.5,CZUN,GT
CA.PGAv.1.6.scaffold107.21,CANN,GT
ECW.scaffold2309.20,CECW,GT
CHIL_NBARC.Chr12.14,CHIL,GT
SF.scaffold27545.20,CASF,GT
CA.PGAv.1.6.scaffold401.1,CANN,GT
CASF_NBARC.scaffold174584.1,CASF,GT
Capana12g000580,CZUN,GT
CECW_NBARC.scaffold108246.1,CECW,GT
CHIL_NBARC.Chr12.12,CHIL,GT
CANN_NBARC.PGAv.1.6.scaffold566.1,CANN,GT
CECW_NBARC.scaffold49018.1,CECW,GT
CASF_NBARC.scaffold65685.1,CASF,GT
Capana12g000359,CZUN,GT
CA.PGAv.1.6.scaffold566.8,CANN,GT
Capana12g000360,CZUN,GT
CA.PGAv.1.6.scaffold566.9,CANN,GT
CZUN_NBARC.Chr12.3,CZUN,GT
CANN_NBARC.PGAv.1.6.scaffold566.2,CANN,GT
Capana12g000362,CZUN,GT
CASF_NBARC.scaffold7024.1,CASF,GT
Capang12g000301,CHIL,GT
CZUN_NBARC.Chr00.142,CZUN,GT
ECW.scaffold16114.10,CECW,GT
CA.PGAv.1.6.scaffold1139.7,CANN,GT
CECW_NBARC.scaffold20971.1,CECW,GT
CZUN_NBARC.Chr12.4,CZUN,GT
CHIL_NBARC.Chr12.13,CHIL,GT
CASF_NBARC.scaffold9038.1,CASF,GT
CA.PGAv.1.6.scaffold107.34,CANN,GT
CZUN_NBARC.Chr12.6,CZUN,GT
ECW.scaffold7149.40,CECW,GT
CHIL_NBARC.Chr00.10,CHIL,GT
SF.scaffold32810.50,CASF,GT
CA.PGAv.1.6.scaffold459.23,CANN,GT
CHIL_NBARC.Chr12.33,CHIL,GT
ECW.scaffold23321.40,CECW,GT
SF.scaffold875.40,CASF,GT
Capana12g002461,CZUN,GT
CA.PGAv.1.6.scaffold646.4,CANN,GT
CZUN_NBARC.Chr00.183,CZUN,GT
SF.scaffold21092.40,CASF,GT
ECW.scaffold46440.30,CECW,GT
CHIL_NBARC.Chr00.297,CHIL,GT
CANN_NBARC.PGAv.1.6.scaffold222.1,CANN,GT
ECW.scaffold535.50,CECW,GT
SF.scaffold7599.60,CASF,GT
CZUN_NBARC.Chr05.8,CZUN,GT
CHIL_NBARC.Chr00.15,CHIL,GT
CECW_NBARC.scaffold535.3,CECW,GT
CHIL_NBARC.Chr00.271,CHIL,GT
CECW_NBARC.scaffold23679.1,CECW,GT
CHIL_NBARC.Chr02.7,CHIL,GT
CA.PGAv.1.6.scaffold222.44,CANN,GT
CHIL_NBARC.Chr00.269,CHIL,GT
CZUN_NBARC.Chr05.10,CZUN,GT
CASF_NBARC.scaffold7599.1,CASF,GT
CECW_NBARC.scaffold535.1,CECW,GT
CA.PGAv.1.6.scaffold222.46,CANN,GT
CHIL_NBARC.Chr00.104,CHIL,GT
SF.scaffold14969.10,CASF,GT
ECW.scaffold98332.10,CECW,GT
CHIL_NBARC.Chr00.85,CHIL,GT
CA.PGAv.1.6.scaffold222.48,CANN,GT
CHIL_NBARC.Chr02.6,CHIL,GT
SF.scaffold14969.40,CASF,GT
ECW.scaffold98332.40,CECW,GT
CZUN_NBARC.Chr05.11,CZUN,GT
CANN_NBARC.PGAv.1.6.scaffold222.2,CANN,GT
Capana05g000842,CZUN,GT
SF.scaffold7599.10,CASF,GT
CHIL_NBARC.Chr00.121,CHIL,GT
ECW.scaffold535.10,CECW,GT
SF.scaffold7599.40,CASF,GT
CZUN_NBARC.Chr05.9,CZUN,GT
ECW.scaffold535.30,CECW,GT
CHIL_NBARC.Chr00.17,CHIL,GT
CA.PGAv.1.6.scaffold222.45,CANN,GT
CASF_NBARC.scaffold14969.1,CASF,GT
CA.PGAv.1.6.scaffold321.20,CANN,GT
CZUN_NBARC.Chr12.15,CZUN,GT
CHIL_NBARC.Chr00.39,CHIL,GT
CA.PGAv.1.6.scaffold1109.1,CANN,GT
CA.PGAv.1.6.scaffold1938.1,CANN,GT
CASF_NBARC.scaffold10768.1,CASF,GT
ECW.scaffold14129.10,CECW,GT
SF.scaffold7630.20,CASF,GT
CZUN_NBARC.Chr12.14,CZUN,GT
CECW_NBARC.scaffold106482.1,CECW,GT
CHIL_NBARC.Chr12.29,CHIL,GT
Bs4_GT,Know,GT
CASF_NBARC.scaffold6561.2,CASF,GT
CZUN_NBARC.Chr12.12,CZUN,GT
CECW_NBARC.scaffold43851.1,CECW,GT
CA.PGAv.1.6.scaffold894.5,CANN,GT
ECW.scaffold10474.10,CECW,GT
SF.scaffold46840.10,CASF,GT
Capana12g002356,CZUN,GT
CHIL_NBARC.Chr12.30,CHIL,GT
CASF_NBARC.scaffold6561.1,CASF,GT
CZUN_NBARC.Chr12.11,CZUN,GT
CECW_NBARC.scaffold6640.1,CECW,GT
CASF_NBARC.scaffold6561.3,CASF,GT
CZUN_NBARC.Chr12.13,CZUN,GT
CECW_NBARC.scaffold43851.2,CECW,GT
RY-1_GT,Know,GT
SF.scaffold103427.10,CASF,GT
CHIL_NBARC.Chr01.17,CHIL,GT
CZUN_NBARC.Chr00.102,CZUN,GT
ECW.scaffold18514.20,CECW,GT
N_GT,Know,GT
CANN_NBARC.PGAv.1.6.scaffold308.1,CANN,GT
CZUN_NBARC.Chr00.192,CZUN,GT
SF.scaffold45083.10,CASF,GT
CHIL_NBARC.Chr00.288,CHIL,GT
CECW_NBARC.scaffold1337.1,CECW,GT
CANN_NBARC.PGAv.1.6.scaffold308.2,CANN,GT
CZUN_NBARC.Chr00.190,CZUN,GT
CHIL_NBARC.Chr04.23,CHIL,GT
SF.scaffold19289.40,CASF,GT
CECW_NBARC.scaffold1337.3,CECW,GT
ECW.scaffold1337.40,CECW,GT
CZUN_NBARC.Chr00.191,CZUN,GT
CHIL_NBARC.Chr04.25,CHIL,GT
CA.PGAv.1.6.scaffold1788.1,CANN,GT
ECW.scaffold1337.120,CECW,GT
CANN_NBARC.PGAv.1.6.scaffold1788.1,CANN,GT
CHIL_NBARC.Chr12.16,CHIL,GT
CZUN_NBARC.Chr00.185,CZUN,GT
SF.scaffold19289.120,CASF,GT
CA.PGAv.1.6.scaffold308.58,CANN,GT
ECW.scaffold1337.160,CECW,GT
CHIL_NBARC.Chr12.17,CHIL,GT
CANN_NBARC.PGAv.1.6.scaffold1788.2,CANN,GT
SF.scaffold19289.110,CASF,GT
CZUN_NBARC.Chr00.186,CZUN,GT
CHIL_NBARC.Chr12.18,CHIL,GT
CECW_NBARC.scaffold1337.4,CECW,GT
SF.scaffold19289.100,CASF,GT
CZUN_NBARC.Chr00.187,CZUN,GT
CHIL_NBARC.Chr12.19,CHIL,GT
ECW.scaffold1337.150,CECW,GT
SF.scaffold19289.80,CASF,GT
CZUN_NBARC.Chr00.188,CZUN,GT
CHIL_NBARC.Chr12.20,CHIL,GT
CANN_NBARC.PGAv.1.6.scaffold308.4,CANN,GT
CECW_NBARC.scaffold1337.5,CECW,GT
CA.PGAv.1.6.scaffold809.22,CANN,GT
CHIL_NBARC.Chr02.20,CHIL,GT
ECW.scaffold18040.30,CECW,GT
SF.scaffold28368.250,CASF,GT
CA.PGAv.1.6.scaffold809.27,CANN,GT
SF.scaffold28368.300,CASF,GT
ECW.scaffold9022.240,CECW,GT
CZUN_NBARC.Chr02.5,CZUN,GT
CHIL_NBARC.Chr02.19,CHIL,GT
CA.PGAv.1.6.scaffold551.73,CANN,GT
CZUN_NBARC.Chr09.27,CZUN,GT
ECW.scaffold13011.210,CECW,GT
SF.scaffold2580.120,CASF,GT
CHIL_NBARC.Chr09.12,CHIL,GT
CANN_NBARC.PGAv.1.6.scaffold551.1,CANN,GT
CHIL_NBARC.Chr09.14,CHIL,GT
CECW_NBARC.scaffold52046.1,CECW,GT
CASF_NBARC.scaffold51365.1,CASF,GT
CZUN_NBARC.Chr09.34,CZUN,GT
CANN_NBARC.PGAv.1.6.scaffold551.4,CANN,GT
CECW_NBARC.scaffold52046.2,CECW,GT
CHIL_NBARC.Chr09.16,CHIL,GT
SF.scaffold51365.110,CASF,GT
CZUN_NBARC.Chr09.39,CZUN,GT
CZUN_NBARC.Chr09.37,CZUN,GT
Gro1.4_GT,Know,GT
CANN_NBARC.PGAv.1.6.scaffold551.3,CANN,GT
CZUN_NBARC.Chr09.36,CZUN,GT
CZUN_NBARC.Chr09.38,CZUN,GT
CA.PGAv.1.6.scaffold640.16,CANN,GT
ECW.scaffold59437.30,CECW,GT
CHIL_NBARC.Chr07.29,CHIL,GT
CZUN_NBARC.Chr07.19,CZUN,GT
SF.scaffold4018.30,CASF,GT
CANN_NBARC.PGAv.1.6.scaffold551.2,CANN,GT
CHIL_NBARC.Chr09.15,CHIL,GT
ECW.scaffold52046.80,CECW,GT
SF.scaffold51365.70,CASF,GT
CZUN_NBARC.Chr09.35,CZUN,GT
CA.PGAv.1.6.scaffold175.19,CANN,GT
CECW_NBARC.scaffold7161.1,CECW,GT
SF.scaffold12449.20,CASF,GT
CHIL_NBARC.Chr04.12,CHIL,GT
CA.PGAv.1.6.scaffold1155.17,CANN,GT
ECW.scaffold7657.10,CECW,GT
CASF_NBARC.scaffold22121.1,CASF,GT
CZUN_NBARC.Chr03.27,CZUN,GT
CHIL_NBARC.Chr03.1,CHIL,GT
CA.PGAv.1.6.scaffold1565.21,CANN,GT
CZUN_NBARC.Chr03.15,CZUN,GT
ECW.scaffold112710.40,CECW,GT
CHIL_NBARC.Chr03.54,CHIL,GT
CZUN_NBARC.Chr03.18,CZUN,GT
CA.PGAv.1.6.scaffold1155.18,CANN,GT
CHIL_NBARC.Chr03.42,CHIL,GT
CHIL_NBARC.Chr00.308,CHIL,GT
CA.PGAv.1.6.scaffold1155.19,CANN,GT
CA.PGAv.1.6.scaffold1155.20,CANN,GT
CZUN_NBARC.Chr03.26,CZUN,GT
CZUN_NBARC.Chr03.25,CZUN,GT
SF.scaffold6998.210,CASF,GT
CA.PGAv.1.6.scaffold1565.23,CANN,GT
CZUN_NBARC.Chr03.20,CZUN,GT
CZUN_NBARC.Chr03.17,CZUN,GT
CHIL_NBARC.Chr03.53,CHIL,GT
ECW.scaffold112710.10,CECW,GT
CHIL_NBARC.Chr03.38,CHIL,GT
CA.PGAv.1.6.scaffold748.3,CANN,GT
ECW.scaffold24601.20,CECW,GT
SF.scaffold9136.20,CASF,GT
CHIL_NBARC.Chr00.224,CHIL,GT
SF.scaffold2508.60,CASF,GT
SF.scaffold2508.80,CASF,GT
CHIL_NBARC.Chr06.2,CHIL,GT
ECW.scaffold2512.70,CECW,GT
CA.PGAv.1.6.scaffold1076.17,CANN,GT
SF.scaffold7827.220,CASF,GT
CHIL_NBARC.Chr01.31,CHIL,GT
ECW.scaffold17344.80,CECW,GT
CA.PGAv.1.6.scaffold1372.1,CANN,GT
CZUN_NBARC.Chr08.8,CZUN,GT
CA.PGAv.1.6.scaffold2401.1,CANN,GT
SF.scaffold7937.40,CASF,GT
CZUN_NBARC.Chr08.4,CZUN,GT
ECW.scaffold696.10,CECW,GT
CHIL_NBARC.Chr03.20,CHIL,GT
CA.PGAv.1.6.scaffold1372.2,CANN,GT
CHIL_NBARC.Chr01.36,CHIL,GT
CZUN_NBARC.Chr08.9,CZUN,GT
ECW.scaffold4494.70,CECW,GT
SF.scaffold70041.70,CASF,GT
CA.PGAv.1.6.scaffold1379.6,CANN,GT
CZUN_NBARC.Chr08.5,CZUN,GT
ECW.scaffold2281.30,CECW,GT
CHIL_NBARC.Chr01.32,CHIL,GT
SF.scaffold67133.190,CASF,GT
CA.PGAv.1.6.scaffold1379.4,CANN,GT
ECW.scaffold2281.10,CECW,GT
CZUN_NBARC.Chr08.7,CZUN,GT
CHIL_NBARC.Chr01.34,CHIL,GT
SF.scaffold67133.210,CASF,GT
CHIL_NBARC.Chr07.22,CHIL,GT
CANN_NBARC.PGAv.1.6.scaffold1372.1,CANN,GT
CHIL_NBARC.Chr01.37,CHIL,GT
CZUN_NBARC.Chr08.10,CZUN,GT
ECW.scaffold4494.60,CECW,GT
SF.scaffold70041.60,CASF,GT
CA.PGAv.1.6.scaffold371.66,CANN,GR
Capana04g000493,CZUN,GR
ECW.scaffold61635.90,CECW,GR
SF.scaffold62167.70,CASF,GR
CHIL_NBARC.Chr04.1,CHIL,GR
ADR1_GR,Know,GR
CA.PGAv.1.6.scaffold836.51,CANN,GR
ECW.scaffold17332.30,CECW,GR
SF.scaffold17309.40,CASF,GR
CHIL_NBARC.Chr02.25,CHIL,GR
CA.PGAv.1.6.scaffold836.52,CANN,GR
ECW.scaffold17332.40,CECW,GR
SF.scaffold17309.50,CASF,GR
CHIL_NBARC.Chr02.24,CHIL,GR
NRG1_GR,Know,GR
CA.PGAv.1.6.scaffold532.1,CANN,NG
ECW.scaffold5195.140,CECW,NG
CHIL_NBARC.Chr01.1,CHIL,NG
Capana01g000209,CZUN,NG
SF.scaffold26574.10,CASF,NG
CA.PGAv.1.6.scaffold86.38,CANN,NG
Capana07g001557,CZUN,NG
CHIL_NBARC.Chr07.24,CHIL,NG
SF.scaffold15041.10,CASF,NG
ECW.scaffold15003.30,CECW,NG
CA.PGAv.1.6.scaffold86.40,CANN,NG
Capana07g001559,CZUN,NG
SF.scaffold63035.20,CASF,NG
ECW.scaffold15003.10,CECW,NG
CHIL_NBARC.Chr07.25,CHIL,NG
SF.scaffold16126.60,CASF,NG
Capana07g001553,CZUN,NG
ECW.scaffold8833.10,CECW,NG
CHIL_NBARC.Chr07.23,CHIL,NG
CA.PGAv.1.6.scaffold1467.1,CANN,NG
CHIL_NBARC.Chr07.26,CHIL,NG
SF.scaffold319964.10,CASF,NG
CHIL_NBARC.Chr07.28,CHIL,NG
ECW.scaffold188535.10,CECW,NG
Capana07g001568,CZUN,NG
CA.PGAv.1.6.scaffold358.39,CANN,NG
CHIL_NBARC.Chr02.22,CHIL,NG
SF.scaffold27082.20,CASF,NG
ECW.scaffold2151.310,CECW,NG
Capana02g002735,CZUN,NG
CA.PGAv.1.6.scaffold71.19,CANN,G4
ECW.scaffold693540.20,CECW,G4
SF.scaffold22479.30,CASF,G4
CZUN_NBARC.Chr11.34,CZUN,G4
CA.PGAv.1.6.scaffold553.4,CANN,G4
CECW_NBARC.scaffold8344.1,CECW,G4
CZUN_NBARC.Chr11.31,CZUN,G4
CHIL_NBARC.Chr11.26,CHIL,G4
CASF_NBARC.scaffold17225.1,CASF,G4
R3b_G4,Know,G4
CA.PGAv.1.6.scaffold309.9,CANN,G4
CZUN_NBARC.Chr11.2,CZUN,G4
SF.scaffold6304.150,CASF,G4
ECW.scaffold6400.160,CECW,G4
CHIL_NBARC.Chr11.1,CHIL,G4
CA.PGAv.1.6.scaffold631.55,CANN,G4
ECW.scaffold6400.190,CECW,G4
CZUN_NBARC.Chr11.14,CZUN,G4
CHIL_NBARC.Chr11.6,CHIL,G4
SF.scaffold19462.20,CASF,G4
CA.PGAv.1.6.scaffold1632.1,CANN,G4
CZUN_NBARC.Chr11.10,CZUN,G4
SF.scaffold2137.160,CASF,G4
CA.PGAv.1.6.scaffold309.32,CANN,G4
SF.scaffold10034.330,CASF,G4
ECW.scaffold31491.50,CECW,G4
CZUN_NBARC.Chr05.29,CZUN,G4
CHIL_NBARC.Chr00.203,CHIL,G4
SF.scaffold79847.80,CASF,G4
CASF_NBARC.scaffold10034.1,CASF,G4
ECW.scaffold31491.130,CECW,G4
CZUN_NBARC.Chr05.24,CZUN,G4
CHIL_NBARC.Chr00.62,CHIL,G4
CZUN_NBARC.Chr05.25,CZUN,G4
CANN_NBARC.PGAv.1.6.scaffold2377.1,CANN,G4
CZUN_NBARC.Chr00.135,CZUN,G4
SF.scaffold39927.30,CASF,G4
CA.PGAv.1.6.scaffold3750.2,CANN,G4
CHIL_NBARC.Chr00.8,CHIL,G4
CA.PGAv.1.6.scaffold309.40,CANN,G4
ECW.scaffold31491.120,CECW,G4
CANN_NBARC.PGAv.1.6.scaffold309.3,CANN,G4
CA.PGAv.1.6.scaffold1524.11,CANN,G4
CZUN_NBARC.Chr11.23,CZUN,G4
CECW_NBARC.scaffold20.2,CECW,G4
CHIL_NBARC.Chr11.15,CHIL,G4
CA.PGAv.1.6.scaffold1848.4,CANN,G4
CA.PGAv.1.6.scaffold1848.5,CANN,G4
SF.scaffold21943.110,CASF,G4
CZUN_NBARC.Chr11.17,CZUN,G4
CHIL_NBARC.Chr11.9,CHIL,G4
CA.PGAv.1.6.scaffold309.26,CANN,G4
CZUN_NBARC.Chr05.32,CZUN,G4
CECW_NBARC.scaffold31491.2,CECW,G4
SF.scaffold10034.370,CASF,G4
CHIL_NBARC.Chr11.3,CHIL,G4
CA.PGAv.1.6.scaffold309.34,CANN,G4
CZUN_NBARC.Chr00.126,CZUN,G4
SF.scaffold10034.310,CASF,G4
CHIL_NBARC.Chr00.202,CHIL,G4
CZUN_NBARC.Chr05.28,CZUN,G4
ECW.scaffold31491.70,CECW,G4
CHIL_NBARC.Chr11.4,CHIL,G4
SF.scaffold10034.290,CASF,G4
ECW.scaffold31491.90,CECW,G4
CZUN_NBARC.Chr05.27,CZUN,G4
ECW.scaffold1337.350,CECW,G4
CZUN_NBARC.Chr06.1,CZUN,G4
CHIL_NBARC.Chr06.1,CHIL,G4
CA.PGAv.1.6.scaffold309.28,CANN,G4
CZUN_NBARC.Chr05.31,CZUN,G4
ECW.scaffold31491.30,CECW,G4
SF.scaffold10034.360,CASF,G4
CHIL_NBARC.Chr11.5,CHIL,G4
SF.scaffold39927.20,CASF,G4
CHIL_NBARC.Chr00.89,CHIL,G4
CZUN_NBARC.Chr00.133,CZUN,G4
CHIL_NBARC.Chr02.26,CHIL,G4
CHIL_NBARC.Chr00.167,CHIL,G4
CA.PGAv.1.6.scaffold631.62,CANN,G4
CHIL_NBARC.Chr00.90,CHIL,G4
CA.PGAv.1.6.scaffold1632.4,CANN,G4
SF.scaffold2137.130,CASF,G4
CHIL_NBARC.Chr07.15,CHIL,G4
CA.PGAv.1.6.scaffold1149.3,CANN,G4
SF.scaffold33746.30,CASF,G4
CZUN_NBARC.Chr11.15,CZUN,G4
ECW.scaffold406923.10,CECW,G4
CHIL_NBARC.Chr00.168,CHIL,G4
CA.PGAv.1.6.scaffold1524.10,CANN,G4
CHIL_NBARC.Chr11.14,CHIL,G4
CECW_NBARC.scaffold20.1,CECW,G4
CA.PGAv.1.6.scaffold525.34,CANN,G4
CZUN_NBARC.Chr05.2,CZUN,G4
ECW.scaffold22625.10,CECW,G4
SF.scaffold13130.20,CASF,G4
CZUN_NBARC.Chr11.29,CZUN,G4
CA.PGAv.1.6.scaffold1524.13,CANN,G4
CZUN_NBARC.Chr11.24,CZUN,G4
SF.scaffold70088.10,CASF,G4
CECW_NBARC.scaffold20.3,CECW,G4
CHIL_NBARC.Chr00.91,CHIL,G4
CZUN_NBARC.Chr00.136,CZUN,G4
CA.PGAv.1.6.scaffold1358.6,CANN,G4
CHIL_NBARC.Chr11.13,CHIL,G4
CZUN_NBARC.Chr11.22,CZUN,G4
SF.scaffold21943.10,CASF,G4
ECW.scaffold19026.90,CECW,G4
CA.PGAv.1.6.scaffold742.4,CANN,G4
CZUN_NBARC.Chr11.28,CZUN,G4
CHIL_NBARC.Chr05.23,CHIL,G4
SF.scaffold4322.40,CASF,G4
SF.scaffold36570.70,CASF,G4
CA.PGAv.1.6.scaffold1218.19,CANN,G4
ECW.scaffold9404.40,CECW,G4
SF.scaffold3256.30,CASF,G4
CHIL_NBARC.Chr01.3,CHIL,G4
CZUN_NBARC.Chr01.1,CZUN,G4
I-2_G4,Know,G4
R3a_G4,Know,G4
CANN_NBARC.PGAv.1.6.scaffold1848.2,CANN,G4
ECW.scaffold19026.10,CECW,G4
CZUN_NBARC.Chr11.19,CZUN,G4
SF.scaffold21943.80,CASF,G4
CHIL_NBARC.Chr11.10,CHIL,G4
CA.PGAv.1.6.scaffold309.39,CANN,G4
SF.scaffold10034.260,CASF,G4
ECW.scaffold31491.110,CECW,G4
CZUN_NBARC.Chr05.26,CZUN,G4
CHIL_NBARC.Chr00.61,CHIL,G4
CA.PGAv.1.6.scaffold309.43,CANN,G4
SF.scaffold10034.240,CASF,G4
CZUN_NBARC.Chr05.23,CZUN,G4
CHIL_NBARC.Chr00.63,CHIL,G4
ECW.scaffold31491.140,CECW,G4
CA.PGAv.1.6.scaffold1358.3,CANN,G4
SF.scaffold21943.40,CASF,G4
CA.PGAv.1.6.scaffold410.11,CANN,G4
ECW.scaffold7464.90,CECW,G4
SF.scaffold12254.130,CASF,G4
CHIL_NBARC.Chr01.28,CHIL,G4
CA.PGAv.1.6.scaffold1619.2,CANN,G7
Capana00g002321,CZUN,G7
SF.scaffold11618.80,CASF,G7
CHIL_NBARC.Chr02.4,CHIL,G7
ECW.scaffold65942.60,CECW,G7
SF.scaffold336.300,CASF,G7
CHIL_NBARC.Chr00.235,CHIL,G7
Capana04g002582,CZUN,G7
ECW.scaffold48609.10,CECW,G7
CA.PGAv.1.6.scaffold1274.39,CANN,G7
CHIL_NBARC.Chr02.21,CHIL,G7
Capana00g001627,CZUN,G7
SF.scaffold1707026.10,CASF,G7
CA.PGAv.1.6.scaffold220.71,CANN,G7
ECW.scaffold22888.100,CECW,G7
Capana03g003920,CZUN,G7
SF.scaffold3499.210,CASF,G7
CHIL_NBARC.Chr03.28,CHIL,G7
CA.PGAv.1.6.scaffold524.8,CANN,G7
ECW.scaffold3562.60,CECW,G7
Capana03g004459,CZUN,G7
SF.scaffold2010.30,CASF,G7
CHIL_NBARC.Chr03.58,CHIL,G7
SF.scaffold10306.10,CASF,G7
ECW.scaffold22214.10,CECW,G7
CHIL_NBARC.Chr00.43,CHIL,G7
Capana00g002617,CZUN,G7
CHIL_NBARC.Chr03.35,CHIL,G7
SF.scaffold7338.90,CASF,G7
CHIL_NBARC.Chr03.36,CHIL,G7
ECW.scaffold7177.60,CECW,G7
Capana03g003970,CZUN,G7
CA.PGAv.1.6.scaffold681.63,CANN,G7
SF.scaffold7338.110,CASF,G7
Capana03g003974,CZUN,G7
CHIL_NBARC.Chr03.37,CHIL,G7
ECW.scaffold7177.10,CECW,G7
CA.PGAv.1.6.scaffold676.61,CANN,G7
SF.scaffold7160.120,CASF,G7
Capana05g000118,CZUN,G7
ECW.scaffold30021.220,CECW,G7
CHIL_NBARC.Chr00.421,CHIL,G7
CA.PGAv.1.6.scaffold676.64,CANN,G7
SF.scaffold7160.90,CASF,G7
ECW.scaffold30021.250,CECW,G7
Capana05g000121,CZUN,G7
CHIL_NBARC.Chr05.2,CHIL,G7
CA.PGAv.1.6.scaffold676.65,CANN,G7
SF.scaffold7160.80,CASF,G7
Capana05g000122,CZUN,G7
CHIL_NBARC.Chr05.3,CHIL,G7
CECW_NBARC.scaffold30021.1,CECW,G7
SF.scaffold9775.280,CASF,G7
CHIL_NBARC.Chr05.1,CHIL,G7
Capana05g000015,CZUN,G7
ECW.scaffold10547.140,CECW,G7
CA.PGAv.1.6.scaffold504.58,CANN,G7
SF.scaffold3315.390,CASF,G7
CHIL_NBARC.Chr01.39,CHIL,G7
Capana08g002149,CZUN,G7
ECW.scaffold510.20,CECW,G7
CA.PGAv.1.6.scaffold504.59,CANN,G7
SF.scaffold3315.400,CASF,G7
ECW.scaffold510.10,CECW,G7
Capana08g002148,CZUN,G7
CHIL_NBARC.Chr01.38,CHIL,G7
CA.PGAv.1.6.scaffold404.59,CANN,G7
SF.scaffold9731.130,CASF,G7
Capana04g002555,CZUN,G7
ECW.scaffold35164.110,CECW,G7
CHIL_NBARC.Chr04.22,CHIL,G7
CA.PGAv.1.6.scaffold773.1,CANN,G7
Capana01g000864,CZUN,G7
ECW.scaffold62153.10,CECW,G7
CHIL_NBARC.Chr01.8,CHIL,G7
SF.scaffold387.30,CASF,G7
CA.PGAv.1.6.scaffold773.3,CANN,G7
ECW.scaffold3242.10,CECW,G7
SF.scaffold13133.10,CASF,G7
Capana01g000870,CZUN,G7
CHIL_NBARC.Chr01.9,CHIL,G7
CA.PGAv.1.6.scaffold1269.10,CANN,G7
SF.scaffold7293.20,CASF,G7
CHIL_NBARC.Chr01.10,CHIL,G7
CA.PGAv.1.6.scaffold1269.9,CANN,G7
Capana01g000913,CZUN,G7
SF.scaffold7293.30,CASF,G7
CECW_NBARC.scaffold17320.1,CECW,G7
CHIL_NBARC.Chr01.11,CHIL,G7
CA.PGAv.1.6.scaffold1269.12,CANN,G7
Capana01g000862,CZUN,G7
SF.scaffold16120.10,CASF,G7
CHIL_NBARC.Chr01.6,CHIL,G7
Rpi-sto1_G7,Know,G7
Rpi-blb1_G7,Know,G7
CA.PGAv.1.6.scaffold541.35,CANN,NG
ECW.scaffold76840.60,CECW,NG
CHIL_NBARC.Chr10.11,CHIL,NG
CA.PGAv.1.6.scaffold641.78,CANN,NG
SF.scaffold7910.10,CASF,NG
ECW.scaffold8257.30,CECW,NG
ECW.scaffold10232.130,CECW,NG
Capana10g002289,CZUN,NG
CHIL_NBARC.Chr10.14,CHIL,NG
Capana10g002270,CZUN,NG
CA.PGAv.1.6.scaffold1756.2,CANN,G13
Capana01g004043,CZUN,G13
CA.PGAv.1.6.scaffold137.33,CANN,G14
SF.scaffold6336.40,CASF,G14
ECW.scaffold6430.40,CECW,G14
Capana01g004287,CZUN,G14
CHIL_NBARC.Chr08.25,CHIL,G14
CA.PGAv.1.6.scaffold660.31,CANN,G14
CA.PGAv.1.6.scaffold261.26,CANN,G14
SF.scaffold37678.70,CASF,G14
CHIL_NBARC.Chr00.198,CHIL,G14
CZUN_NBARC.Chr12.9,CZUN,G14
SF.scaffold45142.170,CASF,G14
CHIL_NBARC.Chr01.25,CHIL,G14
Capana00g001550,CZUN,G14
CA.PGAv.1.6.scaffold905.25,CANN,G14
SF.scaffold8476.50,CASF,G14
ECW.scaffold107486.50,CECW,G14
Capana12g002656,CZUN,G14
CHIL_NBARC.Chr12.34,CHIL,G14
CA.PGAv.1.6.scaffold58.55,CANN,G9
SF.scaffold36234.20,CASF,G9
CECW_NBARC.scaffold38978.1,CECW,G9
CHIL_NBARC.Chr05.30,CHIL,G9
Capana05g001602,CZUN,G9
CA.PGAv.1.6.scaffold58.57,CANN,G9
ECW.scaffold38978.30,CECW,G9
SF.scaffold36234.30,CASF,G9
CHIL_NBARC.Chr05.31,CHIL,G9
Capana05g001606,CZUN,G9
CA.PGAv.1.6.scaffold282.56,CANN,G9
ECW.scaffold2655.400,CECW,G9
Capana08g000053,CZUN,G9
SF.scaffold51732.80,CASF,G9
CHIL_NBARC.Chr08.1,CHIL,G9
CA.PGAv.1.6.scaffold641.4,CANN,G9
CASF_NBARC.scaffold3631.3,CASF,G9
CECW_NBARC.scaffold3620.2,CECW,G9
Capana10g002401,CZUN,G9
CHIL_NBARC.Chr10.29,CHIL,G9
SF.scaffold23940.70,CASF,G9
Capana09g000195,CZUN,G9
ECW.scaffold23962.90,CECW,G9
CHIL_NBARC.Chr09.23,CHIL,G9
CA.PGAv.1.6.scaffold1161.40,CANN,G9
CHIL_NBARC.Chr00.295,CHIL,G9
CA.PGAv.1.6.scaffold960.1,CANN,G9
CA.PGAv.1.6.scaffold3102.1,CANN,G9
CA.PGAv.1.6.scaffold1161.56,CANN,G9
ECW.scaffold450941.10,CECW,G9
Capana10g002416,CZUN,G9
CA.PGAv.1.6.scaffold1161.35,CANN,G9
CASF_NBARC.scaffold3631.1,CASF,G9
CZUN_NBARC.Chr10.20,CZUN,G9
CECW_NBARC.scaffold3620.1,CECW,G9
CHIL_NBARC.Chr00.81,CHIL,G9
CA.PGAv.1.6.scaffold787.33,CANN,G9
ECW.scaffold3725.10,CECW,G9
CHIL_NBARC.Chr05.8,CHIL,G9
Capana05g000305,CZUN,G9
SF.scaffold11718.60,CASF,G9
SF.scaffold11718.20,CASF,G9
CHIL_NBARC.Chr05.10,CHIL,G9
ECW.scaffold3725.40,CECW,G9
CZUN_NBARC.Chr05.4,CZUN,G9
CA.PGAv.1.6.scaffold787.34,CANN,G9
ECW.scaffold29453.30,CECW,G9
CHIL_NBARC.Chr05.6,CHIL,G9
Capana05g000301,CZUN,G9
CA.PGAv.1.6.scaffold1056.8,CANN,G9
CHIL_NBARC.Chr03.3,CHIL,G9
CZUN_NBARC.Chr00.78,CZUN,G9
ECW.scaffold16116.60,CECW,G9
SF.scaffold15141.40,CASF,G9
CA.PGAv.1.6.scaffold1056.3,CANN,G9
Capana05g000297,CZUN,G9
ECW.scaffold10713.20,CECW,G9
SF.scaffold11718.120,CASF,G9
CHIL_NBARC.Chr05.5,CHIL,G9
CHIL_NBARC.Chr05.9,CHIL,G9
Rpi-amr3_G9,Know,G9
CA.PGAv.1.6.scaffold880.4,CANN,G9
SF.scaffold32737.40,CASF,G9
ECW.scaffold112971.40,CECW,G9
CHIL_NBARC.Chr05.17,CHIL,G9
Capana05g000738,CZUN,G9
CA.PGAv.1.6.scaffold1056.6,CANN,G9
ECW.scaffold16116.80,CECW,G9
CHIL_NBARC.Chr03.2,CHIL,G9
SF.scaffold15141.60,CASF,G9
Capana00g000808,CZUN,G9
CA.PGAv.1.6.scaffold1709.2,CANN,G9
CA.PGAv.1.6.scaffold608.9,CANN,G9
CHIL_NBARC.Chr09.85,CHIL,G9
SF.scaffold23824.50,CASF,G9
ECW.scaffold12597.60,CECW,G9
CZUN_NBARC.Chr09.98,CZUN,G9
CECW_NBARC.scaffold1851983.1,CECW,G9
CHIL_NBARC.Chr03.12,CHIL,G9
CA.PGAv.1.6.scaffold1560.1,CANN,G9
SF.scaffold7244.40,CASF,G9
ECW.scaffold19100.110,CECW,G9
CHIL_NBARC.Chr01.26,CHIL,G9
CZUN_NBARC.Chr01.9,CZUN,G9
CA.PGAv.1.6.scaffold160.40,CANN,G9
SF.scaffold40965.10,CASF,G9
Capana07g000166,CZUN,G9
ECW.scaffold4458.40,CECW,G9
CA.PGAv.1.6.scaffold160.43,CANN,G9
ECW.scaffold4458.10,CECW,G9
Capana07g000165,CZUN,G9
SF.scaffold40965.50,CASF,G9
CHIL_NBARC.Chr07.7,CHIL,G9
CHIL_NBARC.Chr07.8,CHIL,G9
CHIL_NBARC.Chr08.5,CHIL,G9
CA.PGAv.1.6.scaffold283.6,CANN,G9
CHIL_NBARC.Chr09.73,CHIL,G9
ECW.scaffold35456.130,CECW,G9
SF.scaffold2836.140,CASF,G9
Capana09g000538,CZUN,G9
CA.PGAv.1.6.scaffold630.32,CANN,G9
ECW.scaffold4623.40,CECW,G9
SF.scaffold17777.210,CASF,G9
CHIL_NBARC.Chr01.2,CHIL,G9
CA.PGAv.1.6.scaffold162.80,CANN,G9
Capana07g002212,CZUN,G9
CECW_NBARC.scaffold9401.1,CECW,G9
CHIL_NBARC.Chr07.31,CHIL,G9
SF.scaffold3755.400,CASF,G9
CA.PGAv.1.6.scaffold282.124,CANN,G9
ECW.scaffold23250.30,CECW,G9
CASF_NBARC.scaffold2646.1,CASF,G9
CANN_NBARC.PGAv.1.6.scaffold282.1,CANN,G9
SF.scaffold2646.90,CASF,G9
CHIL_NBARC.Chr08.2,CHIL,G9
ECW.scaffold23250.10,CECW,G9
CA.PGAv.1.6.scaffold282.123,CANN,G9
CECW_NBARC.scaffold23250.2,CECW,G9
CASF_NBARC.scaffold2646.3,CASF,G9
CA.PGAv.1.6.scaffold282.125,CANN,G9
ECW.scaffold23250.20,CECW,G9
CHIL_NBARC.Chr08.3,CHIL,G9
SF.scaffold2646.100,CASF,G9
CA.PGAv.1.6.scaffold1509.4,CANN,G9
CA.PGAv.1.6.scaffold2022.4,CANN,G9
CZUN_NBARC.Chr00.85,CZUN,G9
CZUN_NBARC.Chr00.119,CZUN,G9
CA.PGAv.1.6.scaffold1972.3,CANN,G9
CZUN_NBARC.Chr09.100,CZUN,G9
CZUN_NBARC.Chr10.3,CZUN,G9
CA.PGAv.1.6.scaffold1509.9,CANN,G9
CHIL_NBARC.Chr07.17,CHIL,G9
SF.scaffold9378.10,CASF,G9
Capana10g000341,CZUN,G9
CECW_NBARC.scaffold1370.1,CECW,G9
CA.PGAv.1.6.scaffold2022.5,CANN,G9
CZUN_NBARC.Chr00.93,CZUN,G9
CHIL_NBARC.Chr07.18,CHIL,G9
CA.PGAv.1.6.scaffold546.17,CANN,G9
ECW.scaffold20235.160,CECW,G9
Capana11g000135,CZUN,G9
CHIL_NBARC.Chr11.7,CHIL,G9
SF.scaffold83363.110,CASF,G9
CA.PGAv.1.6.scaffold143.30,CANN,G9
CA.PGAv.1.6.scaffold202.3,CANN,G9
CASF_NBARC.scaffold11291.1,CASF,G9
CHIL_NBARC.Chr00.133,CHIL,G9
ECW.scaffold304574.10,CECW,G9
CA.PGAv.1.6.scaffold1298.7,CANN,G9
Capana00g002368,CZUN,G9
SF.scaffold65264.70,CASF,G9
ECW.scaffold64586.70,CECW,G9
CHIL_NBARC.Chr00.237,CHIL,G9
CA.PGAv.1.6.scaffold1298.11,CANN,G9
ECW.scaffold64586.30,CECW,G9
CZUN_NBARC.Chr00.125,CZUN,G9
SF.scaffold65264.40,CASF,G9
CHIL_NBARC.Chr00.291,CHIL,G9
CA.PGAv.1.6.scaffold202.5,CANN,G9
CA.PGAv.1.6.scaffold3131.2,CANN,G9
CA.PGAv.1.6.scaffold989.12,CANN,G9
CHIL_NBARC.Chr00.416,CHIL,G9
Capana00g000738,CZUN,G9
CA.PGAv.1.6.scaffold1298.9,CANN,G9
CHIL_NBARC.Chr12.8,CHIL,G9
CA.PGAv.1.6.scaffold202.4,CANN,G9
CA.PGAv.1.6.scaffold3131.1,CANN,G9
CA.PGAv.1.6.scaffold989.11,CANN,G9
Capana00g000740,CZUN,G9
CA.PGAv.1.6.scaffold1298.8,CANN,G9
Capana00g002370,CZUN,G9
SF.scaffold65264.50,CASF,G9
CA.PGAv.1.6.scaffold397.42,CANN,G9
CA.PGAv.1.6.scaffold2022.3,CANN,G9
CA.PGAv.1.6.scaffold397.57,CANN,G9
CA.PGAv.1.6.scaffold532.82,CANN,G9
CA.PGAv.1.6.scaffold80.30,CANN,G12
Capana07g001468,CZUN,G12
CHIL_NBARC.Chr07.21,CHIL,G12
ECW.scaffold31719.30,CECW,G12
SF.scaffold86689.30,CASF,G12
CA.PGAv.1.6.scaffold1090.34,CANN,G12
ECW.scaffold5527.120,CECW,G12
CA.PGAv.1.6.scaffold1591.5,CANN,G12
SF.scaffold21593.40,CASF,G12
ECW.scaffold21682.50,CECW,G12
CHIL_NBARC.Chr09.11,CHIL,G12
Capana09g000015,CZUN,G12
Gpa2_G12,Know,G12
Rx2_G12,Know,G12
Rx_G12,Know,G12
CA.PGAv.1.6.scaffold1591.7,CANN,G12
SF.scaffold21593.50,CASF,G12
ECW.scaffold21682.60,CECW,G12
CANN_NBARC.PGAv.1.6.scaffold478.1,CANN,G12
Capana09g000515,CZUN,G12
CHIL_NBARC.Chr09.72,CHIL,G12
SF.scaffold14301.20,CASF,G12
ECW.scaffold57943.40,CECW,G12
SF.scaffold21218.30,CASF,G12
CECW_NBARC.scaffold57943.1,CECW,G12
CA.PGAv.1.6.scaffold816.3,CANN,G12
CHIL_NBARC.Chr00.418,CHIL,G12
CHIL_NBARC.Chr09.62,CHIL,G12
SF.scaffold54311.80,CASF,G12
Capana09g000421,CZUN,G12
ECW.scaffold5463.10,CECW,G12
CA.PGAv.1.6.scaffold816.4,CANN,G12
CHIL_NBARC.Chr00.242,CHIL,G12
CA.PGAv.1.6.scaffold816.5,CANN,G12
CECW_NBARC.scaffold31505.1,CECW,G12
CHIL_NBARC.Chr00.212,CHIL,G12
CA.PGAv.1.6.scaffold478.8,CANN,G12
ECW.scaffold116493.10,CECW,G12
CHIL_NBARC.Chr09.69,CHIL,G12
CA.PGAv.1.6.scaffold1241.2,CANN,G12
SF.scaffold23940.10,CASF,G12
ECW.scaffold23962.20,CECW,G12
CHIL_NBARC.Chr09.24,CHIL,G12
CZUN_NBARC.Chr09.49,CZUN,G12
CA.PGAv.1.6.scaffold112.10,CANN,G12
ECW.scaffold68411.10,CECW,G12
SF.scaffold4123.10,CASF,G12
CZUN_NBARC.Chr05.18,CZUN,G12
CHIL_NBARC.Chr05.33,CHIL,G12
CA.PGAv.1.6.scaffold294.9,CANN,G2
CECW_NBARC.scaffold2770.1,CECW,G2
CA.PGAv.1.6.scaffold816.15,CANN,G2
ECW.scaffold89675.40,CECW,G2
SF.scaffold80036.40,CASF,G2
CANN_NBARC.PGAv.1.6.scaffold1373.2,CANN,G2
CHIL_NBARC.Chr09.57,CHIL,G2
SF.scaffold4746.30,CASF,G2
CA.PGAv.1.6.scaffold1578.9,CANN,G2
CASF_NBARC.scaffold298868.2,CASF,G2
CZUN_NBARC.Chr00.148,CZUN,G2
CHIL_NBARC.Chr07.1,CHIL,G2
CHIL_NBARC.Chr00.86,CHIL,G2
CZUN_NBARC.Chr07.1,CZUN,G2
CA.PGAv.1.6.scaffold308.19,CANN,G2
CECW_NBARC.scaffold28517.2,CECW,G2
CHIL_NBARC.Chr00.222,CHIL,G2
CASF_NBARC.scaffold4518.1,CASF,G2
CA.PGAv.1.6.scaffold1357.2,CANN,G2
CASF_NBARC.scaffold57403.3,CASF,G2
CECW_NBARC.scaffold9204.1,CECW,G2
CZUN_NBARC.Chr07.3,CZUN,G2
CHIL_NBARC.Chr03.13,CHIL,G2
CA.PGAv.1.6.scaffold1578.8,CANN,G2
CZUN_NBARC.Chr00.147,CZUN,G2
CASF_NBARC.scaffold298868.1,CASF,G2
CA.PGAv.1.6.scaffold3324.1,CANN,G2
CHIL_NBARC.Chr09.27,CHIL,G2
CZUN_NBARC.Chr09.52,CZUN,G2
SF.scaffold380.90,CASF,G2
CA.PGAv.1.6.scaffold564.6,CANN,G2
CECW_NBARC.scaffold60950.1,CECW,G2
SF.scaffold9954.130,CASF,G2
CZUN_NBARC.Chr04.2,CZUN,G2
CHIL_NBARC.Chr04.8,CHIL,G2
CA.PGAv.1.6.scaffold377.39,CANN,G2
CZUN_NBARC.Chr09.83,CZUN,G2
CA.PGAv.1.6.scaffold1357.16,CANN,G2
CZUN_NBARC.Chr07.13,CZUN,G2
CASF_NBARC.scaffold14345.3,CASF,G2
CECW_NBARC.scaffold42571.4,CECW,G2
CHIL_NBARC.Chr00.182,CHIL,G2
CA.PGAv.1.6.scaffold1349.12,CANN,G2
CHIL_NBARC.Chr03.24,CHIL,G2
CZUN_NBARC.Chr09.56,CZUN,G2
CECW_NBARC.scaffold5947.6,CECW,G2
CASF_NBARC.scaffold380.5,CASF,G2
CA.PGAv.1.6.scaffold1084.18,CANN,G2
CA.PGAv.1.6.scaffold1896.6,CANN,G2
CA.PGAv.1.6.scaffold1090.22,CANN,G2
ECW.scaffold12913.40,CECW,G2
CHIL_NBARC.Chr09.44,CHIL,G2
CZUN_NBARC.Chr09.67,CZUN,G2
CHIL_NBARC.Chr00.113,CHIL,G2
CZUN_NBARC.Chr09.17,CZUN,G2
CANN_NBARC.PGAv.1.6.scaffold1287.1,CANN,G2
ECW.scaffold243.30,CECW,G2
CZUN_NBARC.Chr06.48,CZUN,G2
CZUN_NBARC.Chr06.34,CZUN,G2
CA.PGAv.1.6.scaffold1578.5,CANN,G2
CHIL_NBARC.Chr00.3,CHIL,G2
CA.PGAv.1.6.scaffold2244.3,CANN,G2
CZUN_NBARC.Chr00.146,CZUN,G2
CA.PGAv.1.6.scaffold551.92,CANN,G2
CZUN_NBARC.Chr09.26,CZUN,G2
ECW.scaffold13011.440,CECW,G2
SF.scaffold2580.350,CASF,G2
CHIL_NBARC.Chr00.216,CHIL,G2
CA.PGAv.1.6.scaffold943.4,CANN,G2
CHIL_NBARC.Chr07.4,CHIL,G2
CZUN_NBARC.Chr00.105,CZUN,G2
CHIL_NBARC.Chr00.52,CHIL,G2
CA.PGAv.1.6.scaffold8460.1,CANN,G2
CECW_NBARC.scaffold325335.1,CECW,G2
CHIL_NBARC.Chr00.92,CHIL,G2
CASF_NBARC.scaffold9538.6,CASF,G2
CHIL_NBARC.Chr00.155,CHIL,G2
CASF_NBARC.scaffold57403.2,CASF,G2
CHIL_NBARC.Chr03.14,CHIL,G2
ECW.scaffold9204.30,CECW,G2
CANN_NBARC.PGAv.1.6.scaffold551.7,CANN,G2
CZUN_NBARC.Chr09.14,CZUN,G2
CASF_NBARC.scaffold14343.3,CASF,G2
CHIL_NBARC.Chr00.101,CHIL,G2
CA.PGAv.1.6.scaffold1090.13,CANN,G2
ECW.scaffold2599.40,CECW,G2
SF.scaffold2588.40,CASF,G2
CA.PGAv.1.6.scaffold1090.3,CANN,G2
CECW_NBARC.scaffold5947.4,CECW,G2
CHIL_NBARC.Chr09.34,CHIL,G2
CA.PGAv.1.6.scaffold1768.5,CANN,G2
CZUN_NBARC.Chr00.111,CZUN,G2
CHIL_NBARC.Chr06.21,CHIL,G2
CASF_NBARC.scaffold64340.1,CASF,G2
CA.PGAv.1.6.scaffold1357.13,CANN,G2
SF.scaffold14345.30,CASF,G2
ECW.scaffold42571.20,CECW,G2
CHIL_NBARC.Chr00.185,CHIL,G2
CZUN_NBARC.Chr07.9,CZUN,G2
CA.PGAv.1.6.scaffold1578.26,CANN,G2
CECW_NBARC.scaffold255217.1,CECW,G2
CASF_NBARC.scaffold28740.1,CASF,G2
CHIL_NBARC.Chr00.30,CHIL,G2
CECW_NBARC.scaffold24357.6,CECW,G2
CHIL_NBARC.Chr00.78,CHIL,G2
CZUN_NBARC.Chr09.4,CZUN,G2
CA.PGAv.1.6.scaffold397.13,CANN,G2
CA.PGAv.1.6.scaffold1090.31,CANN,G2
CECW_NBARC.scaffold5527.1,CECW,G2
CASF_NBARC.scaffold188613.1,CASF,G2
CA.PGAv.1.6.scaffold551.93,CANN,G2
CHIL_NBARC.Chr00.215,CHIL,G2
ECW.scaffold13011.450,CECW,G2
CZUN_NBARC.Chr09.25,CZUN,G2
CA.PGAv.1.6.scaffold551.115,CANN,G2
CZUN_NBARC.Chr09.13,CZUN,G2
CASF_NBARC.scaffold14343.4,CASF,G2
CECW_NBARC.scaffold24357.5,CECW,G2
CHIL_NBARC.Chr00.100,CHIL,G2
CHIL_NBARC.Chr00.79,CHIL,G2
CA.PGAv.1.6.scaffold1084.5,CANN,G2
CA.PGAv.1.6.scaffold1896.4,CANN,G2
CHIL_NBARC.Chr00.165,CHIL,G2
SF.scaffold1507.40,CASF,G2
ECW.scaffold1562.40,CECW,G2
CHIL_NBARC.Chr09.66,CHIL,G2
CZUN_NBARC.Chr09.29,CZUN,G2
CASF_NBARC.scaffold14345.1,CASF,G2
CECW_NBARC.scaffold42571.1,CECW,G2
CHIL_NBARC.Chr00.188,CHIL,G2
CA.PGAv.1.6.scaffold1578.12,CANN,G2
CA.PGAv.1.6.scaffold1640.17,CANN,G2
Bs2_G2,Know,G2
CASF_NBARC.scaffold9538.4,CASF,G2
CHIL_NBARC.Chr00.161,CHIL,G2
CZUN_NBARC.Chr09.78,CZUN,G2
CECW_NBARC.scaffold64413.3,CECW,G2
CA.PGAv.1.6.scaffold551.95,CANN,G2
ECW.scaffold13011.460,CECW,G2
CZUN_NBARC.Chr09.24,CZUN,G2
SF.scaffold2580.360,CASF,G2
CHIL_NBARC.Chr00.277,CHIL,G2
CA.PGAv.1.6.scaffold1357.4,CANN,G2
CHIL_NBARC.Chr00.21,CHIL,G2
CASF_NBARC.scaffold57403.1,CASF,G2
ECW.scaffold9204.40,CECW,G2
CZUN_NBARC.Chr07.4,CZUN,G2
CHIL_NBARC.Chr07.2,CHIL,G2
CA.PGAv.1.6.scaffold1640.11,CANN,G2
CHIL_NBARC.Chr00.233,CHIL,G2
CZUN_NBARC.Chr00.154,CZUN,G2
CASF_NBARC.scaffold8145.3,CASF,G2
CHIL_NBARC.Chr00.232,CHIL,G2
CA.PGAv.1.6.scaffold1591.14,CANN,G2
CECW_NBARC.scaffold26638.1,CECW,G2
CZUN_NBARC.Chr09.6,CZUN,G2
SF.scaffold21593.100,CASF,G2
CHIL_NBARC.Chr09.6,CHIL,G2
CA.PGAv.1.6.scaffold551.112,CANN,G2
CZUN_NBARC.Chr09.15,CZUN,G2
CASF_NBARC.scaffold14343.2,CASF,G2
CHIL_NBARC.Chr00.102,CHIL,G2
CECW_NBARC.scaffold24357.4,CECW,G2
CA.PGAv.1.6.scaffold1090.6,CANN,G2
CASF_NBARC.scaffold380.2,CASF,G2
CECW_NBARC.scaffold5947.2,CECW,G2
CHIL_NBARC.Chr09.37,CHIL,G2
CZUN_NBARC.Chr09.60,CZUN,G2
CA.PGAv.1.6.scaffold1090.33,CANN,G2
CECW_NBARC.scaffold5527.2,CECW,G2
CA.PGAv.1.6.scaffold1578.29,CANN,G2
CECW_NBARC.scaffold222960.1,CECW,G2
CASF_NBARC.scaffold28740.2,CASF,G2
CA.PGAv.1.6.scaffold1640.7,CANN,G2
CASF_NBARC.scaffold8145.4,CASF,G2
CZUN_NBARC.Chr00.157,CZUN,G2
CHIL_NBARC.Chr00.229,CHIL,G2
CECW_NBARC.scaffold53755.3,CECW,G2
CA.PGAv.1.6.scaffold694.2,CANN,G2
SF.scaffold2588.10,CASF,G2
ECW.scaffold2599.10,CECW,G2
CHIL_NBARC.Chr09.41,CHIL,G2
CZUN_NBARC.Chr09.65,CZUN,G2
CZUN_NBARC.Chr09.73,CZUN,G2
CANN_NBARC.PGAv.1.6.scaffold1578.1,CANN,G2
CHIL_NBARC.Chr00.249,CHIL,G2
CZUN_NBARC.Chr00.145,CZUN,G2
CECW_NBARC.scaffold13011.1,CECW,G2
CA.PGAv.1.6.scaffold1090.19,CANN,G2
CHIL_NBARC.Chr09.42,CHIL,G2
CZUN_NBARC.Chr09.66,CZUN,G2
CA.PGAv.1.6.scaffold1090.35,CANN,G2
CHIL_NBARC.Chr09.52,CHIL,G2
CZUN_NBARC.Chr09.72,CZUN,G2
CA.PGAv.1.6.scaffold1349.11,CANN,G2
CASF_NBARC.scaffold380.6,CASF,G2
ECW.scaffold402.200,CECW,G2
CZUN_NBARC.Chr09.55,CZUN,G2
CHIL_NBARC.Chr00.227,CHIL,G2
CZUN_NBARC.Chr07.12,CZUN,G2
CA.PGAv.1.6.scaffold1090.28,CANN,G2
ECW.scaffold5527.60,CECW,G2
CHIL_NBARC.Chr09.48,CHIL,G2
CZUN_NBARC.Chr09.71,CZUN,G2
CA.PGAv.1.6.scaffold1578.22,CANN,G2
CZUN_NBARC.Chr09.5,CZUN,G2
CZUN_NBARC.Chr00.144,CZUN,G2
CHIL_NBARC.Chr07.3,CHIL,G2
CA.PGAv.1.6.scaffold1373.16,CANN,G2
CECW_NBARC.scaffold64413.6,CECW,G2
CZUN_NBARC.Chr09.81,CZUN,G2
CHIL_NBARC.Chr00.158,CHIL,G2
CA.PGAv.1.6.scaffold1896.12,CANN,G2
CECW_NBARC.scaffold1714058.1,CECW,G2
CA.PGAv.1.6.scaffold1357.15,CANN,G2
ECW.scaffold42571.30,CECW,G2
SF.scaffold14345.50,CASF,G2
CA.PGAv.1.6.scaffold1084.22,CANN,G2
CZUN_NBARC.Chr00.170,CZUN,G2
ECW.scaffold56081.20,CECW,G2
CASF_NBARC.scaffold51343.2,CASF,G2
CHIL_NBARC.Chr00.27,CHIL,G2
CZUN_NBARC.Chr00.122,CZUN,G2
CANN_NBARC.PGAv.1.6.scaffold2670.1,CANN,G2
CZUN_NBARC.Chr09.54,CZUN,G2
CASF_NBARC.scaffold380.8,CASF,G2
CHIL_NBARC.Chr09.29,CHIL,G2
CA.PGAv.1.6.scaffold1373.7,CANN,G2
CHIL_NBARC.Chr00.163,CHIL,G2
CASF_NBARC.scaffold9538.2,CASF,G2
CECW_NBARC.scaffold64413.2,CECW,G2
CZUN_NBARC.Chr09.76,CZUN,G2
CA.PGAv.1.6.scaffold1090.15,CANN,G2
ECW.scaffold2599.20,CECW,G2
SF.scaffold2588.20,CASF,G2
CASF_NBARC.scaffold380.4,CASF,G2
CZUN_NBARC.Chr09.57,CZUN,G2
CECW_NBARC.scaffold5947.5,CECW,G2
CHIL_NBARC.Chr09.33,CHIL,G2
CA.PGAv.1.6.scaffold1591.8,CANN,G2
SF.scaffold21593.60,CASF,G2
CECW_NBARC.scaffold26638.3,CECW,G2
CZUN_NBARC.Chr09.9,CZUN,G2
CANN_NBARC.PGAv.1.6.scaffold1640.4,CANN,G2
CZUN_NBARC.Chr00.152,CZUN,G2
CHIL_NBARC.Chr00.56,CHIL,G2
CASF_NBARC.scaffold8145.2,CASF,G2
CZUN_NBARC.Chr09.23,CZUN,G2
CASF_NBARC.scaffold9538.7,CASF,G2
CHIL_NBARC.Chr00.154,CHIL,G2
CA.PGAv.1.6.scaffold551.106,CANN,G2
CECW_NBARC.scaffold13011.3,CECW,G2
CASF_NBARC.scaffold2580.4,CASF,G2
CHIL_NBARC.Chr00.115,CHIL,G2
CZUN_NBARC.Chr00.158,CZUN,G2
CZUN_NBARC.Chr09.19,CZUN,G2
CA.PGAv.1.6.scaffold1618.19,CANN,G2
CZUN_NBARC.Chr00.80,CZUN,G2
CANN_NBARC.PGAv.1.6.scaffold2352.1,CANN,G2
Capana09g000261,CZUN,G2
CHIL_NBARC.Chr09.30,CHIL,G2
CASF_NBARC.scaffold380.7,CASF,G2
CHIL_NBARC.Chr09.39,CHIL,G2
CZUN_NBARC.Chr09.63,CZUN,G2
CASF_NBARC.scaffold9538.8,CASF,G2
CA.PGAv.1.6.scaffold551.120,CANN,G2
CHIL_NBARC.Chr00.99,CHIL,G2
CZUN_NBARC.Chr03.8,CZUN,G2
CZUN_NBARC.Chr00.106,CZUN,G2
CANN_NBARC.PGAv.1.6.scaffold1640.1,CANN,G2
CHIL_NBARC.Chr00.128,CHIL,G2
SF.scaffold69776.20,CASF,G2
CZUN_NBARC.Chr00.161,CZUN,G2
CECW_NBARC.scaffold53755.1,CECW,G2
CECW_NBARC.scaffold24357.3,CECW,G2
CHIL_NBARC.Chr00.103,CHIL,G2
CA.PGAv.1.6.scaffold895.3,CANN,G2
CZUN_NBARC.Chr06.33,CZUN,G2
CHIL_NBARC.Chr06.36,CHIL,G2
CA.PGAv.1.6.scaffold1287.7,CANN,G2
CZUN_NBARC.Chr06.46,CZUN,G2
SF.scaffold21835.10,CASF,G2
CA.PGAv.1.6.scaffold2533.2,CANN,G2
CANN_NBARC.PGAv.1.6.scaffold1349.2,CANN,G2
SF.scaffold9538.30,CASF,G2
CHIL_NBARC.Chr00.153,CHIL,G2
CA.PGAv.1.6.scaffold1578.13,CANN,G2
CHIL_NBARC.Chr00.301,CHIL,G2
CANN_NBARC.PGAv.1.6.scaffold1640.6,CANN,G2
CZUN_NBARC.Chr00.150,CZUN,G2
SF.scaffold171607.10,CASF,G2
CECW_NBARC.scaffold524649.1,CECW,G2
CA.PGAv.1.6.scaffold1090.25,CANN,G2
ECW.scaffold5527.30,CECW,G2
CA.PGAv.1.6.scaffold1084.3,CANN,G2
CZUN_NBARC.Chr00.176,CZUN,G2
CZUN_NBARC.Chr00.171,CZUN,G2
SF.scaffold8272.50,CASF,G2
CA.PGAv.1.6.scaffold1084.23,CANN,G2
CA.PGAv.1.6.scaffold1591.15,CANN,G2
CECW_NBARC.scaffold86840.1,CECW,G2
CHIL_NBARC.Chr00.179,CHIL,G2
CA.PGAv.1.6.scaffold1357.19,CANN,G2
CA.PGAv.1.6.scaffold1084.7,CANN,G2
CA.PGAv.1.6.scaffold1084.15,CANN,G2
CA.PGAv.1.6.scaffold1896.8,CANN,G2
CA.PGAv.1.6.scaffold1357.6,CANN,G2
CECW_NBARC.scaffold83054.1,CECW,G2
CZUN_NBARC.Chr07.6,CZUN,G2
CZUN_NBARC.Chr00.174,CZUN,G2
CA.PGAv.1.6.scaffold551.107,CANN,G2
CECW_NBARC.scaffold24357.1,CECW,G2
CZUN_NBARC.Chr09.18,CZUN,G2
CASF_NBARC.scaffold2580.5,CASF,G2
CHIL_NBARC.Chr00.114,CHIL,G2
CHIL_NBARC.Chr09.32,CHIL,G2
CA.PGAv.1.6.scaffold1090.9,CANN,G2
CA.PGAv.1.6.scaffold2352.1,CANN,G2
CZUN_NBARC.Chr09.51,CZUN,G2
SF.scaffold380.100,CASF,G2
CHIL_NBARC.Chr09.26,CHIL,G2
CA.PGAv.1.6.scaffold1357.7,CANN,G2
CZUN_NBARC.Chr00.162,CZUN,G2
CANN_NBARC.PGAv.1.6.scaffold1640.7,CANN,G2
CA.PGAv.1.6.scaffold1578.1,CANN,G2
CZUN_NBARC.Chr00.143,CZUN,G2
CHIL_NBARC.Chr00.69,CHIL,G2
CA.PGAv.1.6.scaffold1591.17,CANN,G2
CA.PGAv.1.6.scaffold1578.11,CANN,G2
CA.PGAv.1.6.scaffold1373.15,CANN,G2
CECW_NBARC.scaffold64413.5,CECW,G2
CZUN_NBARC.Chr09.80,CZUN,G2
CASF_NBARC.scaffold9538.5,CASF,G2
CHIL_NBARC.Chr00.159,CHIL,G2
CA.PGAv.1.6.scaffold1447.17,CANN,G2
CHIL_NBARC.Chr09.65,CHIL,G2
CA.PGAv.1.6.scaffold1578.28,CANN,G2
CECW_NBARC.scaffold255217.2,CECW,G2
CANN_NBARC.PGAv.1.6.scaffold1319.2,CANN,G2
CASF_NBARC.scaffold1507.2,CASF,G2
CZUN_NBARC.Chr09.87,CZUN,G2
CECW_NBARC.scaffold1562.2,CECW,G2
CHIL_NBARC.Chr09.64,CHIL,G2
CA.PGAv.1.6.scaffold1591.9,CANN,G2
CASF_NBARC.scaffold21593.1,CASF,G2
ECW.scaffold26638.50,CECW,G2
CHIL_NBARC.Chr09.7,CHIL,G2
CZUN_NBARC.Chr09.8,CZUN,G2
CASF_NBARC.scaffold9538.9,CASF,G2
CA.PGAv.1.6.scaffold551.105,CANN,G2
CASF_NBARC.scaffold2580.3,CASF,G2
CECW_NBARC.scaffold13011.2,CECW,G2
CZUN_NBARC.Chr09.20,CZUN,G2
CZUN_NBARC.Chr07.8,CZUN,G2
CA.PGAv.1.6.scaffold1357.9,CANN,G2
SF.scaffold14345.20,CASF,G2
ECW.scaffold42571.10,CECW,G2
CHIL_NBARC.Chr00.189,CHIL,G2
CZUN_NBARC.Chr07.7,CZUN,G2
CANN_NBARC.PGAv.1.6.scaffold320.1,CANN,G2
Capana01g004273,CZUN,G2
SF.scaffold6732.80,CASF,G2
CHIL_NBARC.Chr08.23,CHIL,G2
CA.PGAv.1.6.scaffold58.59,CANN,G3
Capana05g001608,CZUN,G3
CHIL_NBARC.Chr05.32,CHIL,G3
ECW.scaffold3717.20,CECW,G3
SF.scaffold45742.10,CASF,G3
CA.PGAv.1.6.scaffold767.23,CANN,G3
CHIL_NBARC.Chr00.280,CHIL,G3
SF.scaffold48502.10,CASF,G3
ECW.scaffold5958.90,CECW,G3
Capana12g000274,CZUN,G3
CANN_NBARC.PGAv.1.6.scaffold767.1,CANN,G3
SF.scaffold9608.180,CASF,G3
Capana12g000279,CZUN,G3
CA.PGAv.1.6.scaffold767.29,CANN,G3
SF.scaffold9608.160,CASF,G3
Capana12g000282,CZUN,G3
ECW.scaffold9636.170,CECW,G3
CA.PGAv.1.6.scaffold767.32,CANN,G3
SF.scaffold9608.130,CASF,G3
CZUN_NBARC.Chr12.1,CZUN,G3
CA.PGAv.1.6.scaffold767.31,CANN,G3
ECW.scaffold9636.150,CECW,G3
SF.scaffold9608.140,CASF,G3
CZUN_NBARC.Chr00.63,CZUN,G3
CA.PGAv.1.6.scaffold975.15,CANN,G3
CHIL_NBARC.Chr12.21,CHIL,G3
ECW.scaffold63566.10,CECW,G3
Capana12g000807,CZUN,G3
SF.scaffold58075.10,CASF,G3
CA.PGAv.1.6.scaffold767.30,CANN,G3
ECW.scaffold9636.160,CECW,G3
Capana12g000283,CZUN,G3
SF.scaffold9608.150,CASF,G3
CHIL_NBARC.Chr12.4,CHIL,G3
CA.PGAv.1.6.scaffold411.39,CANN,G3
ECW.scaffold6488.390,CECW,G3
CZUN_NBARC.Chr02.4,CZUN,G3
CHIL_NBARC.Chr02.17,CHIL,G3
SF.scaffold3668.90,CASF,G3
R1_G3,Know,G3
CHIL_NBARC.Chr00.273,CHIL,G3
CA.PGAv.1.6.scaffold1069.15,CANN,G3
ECW.scaffold12128.130,CECW,G3
CHIL_NBARC.Chr10.12,CHIL,G3
SF.scaffold19749.80,CASF,G3
CA.PGAv.1.6.scaffold1207.1,CANN,G3
ECW.scaffold59463.20,CECW,G3
CHIL_NBARC.Chr11.33,CHIL,G3
SF.scaffold60066.20,CASF,G3
Capana11g001656,CZUN,G3
CANN_NBARC.PGAv.1.6.scaffold58.3,CANN,G3
ECW.scaffold3717.40,CECW,G3
SF.scaffold45742.30,CASF,G3
CHIL_NBARC.Chr01.5,CHIL,G3
Capana05g001611,CZUN,G3
CA.PGAv.1.6.scaffold1335.4,CANN,G3
CZUN_NBARC.Chr11.39,CZUN,G3
ECW.scaffold44694.10,CECW,G3
CHIL_NBARC.Chr11.36,CHIL,G3
SF.scaffold29338.10,CASF,G3
CHIL_NBARC.Chr01.4,CHIL,G3
CA.PGAv.1.6.scaffold1335.5,CANN,G3
ECW.scaffold51403.10,CECW,G3
SF.scaffold36552.10,CASF,G3
CHIL_NBARC.Chr11.37,CHIL,G3
Capana11g001784,CZUN,G3
CHIL_NBARC.Chr00.272,CHIL,G3
CA.PGAv.1.6.scaffold488.11,CANN,G3
SF.scaffold11529.70,CASF,G3
ECW.scaffold4540.40,CECW,G3
Capana10g001854,CZUN,G3
CHIL_NBARC.Chr10.10,CHIL,G3
CHIL_NBARC.Chr11.38,CHIL,G3
CA.PGAv.1.6.scaffold1099.15,CANN,G3
ECW.scaffold6283.50,CECW,G3
CHIL_NBARC.Chr10.7,CHIL,G3
CZUN_NBARC.Chr10.10,CZUN,G3
CASF_NBARC.scaffold11223.1,CASF,G3
CA.PGAv.1.6.scaffold1638.5,CANN,G3
Capana11g001881,CZUN,G3
CHIL_NBARC.Chr11.39,CHIL,G3
CHIL_NBARC.Chr00.307,CHIL,G3
CA.PGAv.1.6.scaffold354.61,CANN,G3
SF.scaffold2525.30,CASF,G3
ECW.scaffold21546.20,CECW,G3
Capana04g002369,CZUN,G3
CA.PGAv.1.6.scaffold875.7,CANN,G3
ECW.scaffold5887.50,CECW,G3
SF.scaffold22194.10,CASF,G3
Capana11g001255,CZUN,G3
CHIL_NBARC.Chr00.170,CHIL,G3
CHIL_NBARC.Chr11.49,CHIL,G3
Prf_G3,Know,G3
CA.PGAv.1.6.scaffold507.15,CANN,G3
ECW.scaffold9038.20,CECW,G3
Capana11g001243,CZUN,G3
SF.scaffold6603.10,CASF,G3
CA.PGAv.1.6.scaffold74.34,CANN,G1
Capana05g000892,CZUN,G1
CHIL_NBARC.Chr05.20,CHIL,G1
ECW.scaffold5188.80,CECW,G1
SF.scaffold30057.10,CASF,G1
Hero_G1,Know,G1
CA.PGAv.1.6.scaffold181.60,CANN,G1
CECW_NBARC.scaffold5526.2,CECW,G1
CZUN_NBARC.Chr06.8,CZUN,G1
CA.PGAv.1.6.scaffold241.15,CANN,G1
CZUN_NBARC.Chr06.5,CZUN,G1
SF.scaffold9348.10,CASF,G1
ECW.scaffold853.120,CECW,G1
CHIL_NBARC.Chr07.12,CHIL,G1
CANN_NBARC.PGAv.1.6.scaffold869.1,CANN,G1
CZUN_NBARC.Chr00.139,CZUN,G1
ECW.scaffold45921.10,CECW,G1
SF.scaffold75863.20,CASF,G1
CHIL_NBARC.Chr00.31,CHIL,G1
SF.scaffold79359.10,CASF,G1
CZUN_NBARC.Chr06.16,CZUN,G1
CA.PGAv.1.6.scaffold1440.17,CANN,G1
CZUN_NBARC.Chr06.23,CZUN,G1
CA.PGAv.1.6.scaffold1449.11,CANN,G1
CHIL_NBARC.Chr06.30,CHIL,G1
SF.scaffold3392.100,CASF,G1
ECW.scaffold33284.130,CECW,G1
CZUN_NBARC.Chr06.38,CZUN,G1
SF.scaffold50364.10,CASF,G1
CZUN_NBARC.Chr06.7,CZUN,G1
CA.PGAv.1.6.scaffold741.8,CANN,G1
CZUN_NBARC.Chr00.107,CZUN,G1
ECW.scaffold29302.90,CECW,G1
CA.PGAv.1.6.scaffold1006.28,CANN,G1
SF.scaffold7821.10,CASF,G1
ECW.scaffold6814.160,CECW,G1
CZUN_NBARC.Chr06.37,CZUN,G1
CHIL_NBARC.Chr06.29,CHIL,G1
CA.PGAv.1.6.scaffold1287.5,CANN,G1
ECW.scaffold56685.10,CECW,G1
CZUN_NBARC.Chr06.44,CZUN,G1
SF.scaffold6291.10,CASF,G1
CHIL_NBARC.Chr06.35,CHIL,G1
CA.PGAv.1.6.scaffold1926.1,CANN,G1
SF.scaffold6485.10,CASF,G1
CA.PGAv.1.6.scaffold1926.11,CANN,G1
CZUN_NBARC.Chr06.36,CZUN,G1
ECW.scaffold4737.60,CECW,G1
CHIL_NBARC.Chr03.17,CHIL,G1
SF.scaffold36544.10,CASF,G1
CA.PGAv.1.6.scaffold1449.19,CANN,G1
ECW.scaffold110833.10,CECW,G1
CZUN_NBARC.Chr06.42,CZUN,G1
CHIL_NBARC.Chr00.67,CHIL,G1
CZUN_NBARC.Chr06.31,CZUN,G1
CA.PGAv.1.6.scaffold869.13,CANN,G1
CHIL_NBARC.Chr00.5,CHIL,G1
CZUN_NBARC.Chr00.141,CZUN,G1
ECW.scaffold93750.30,CECW,G1
SF.scaffold75863.40,CASF,G1
CA.PGAv.1.6.scaffold1440.13,CANN,G1
CZUN_NBARC.Chr00.109,CZUN,G1
CHIL_NBARC.Chr02.2,CHIL,G1
CA.PGAv.1.6.scaffold1449.13,CANN,G1
ECW.scaffold33284.140,CECW,G1
CZUN_NBARC.Chr06.39,CZUN,G1
SF.scaffold3392.110,CASF,G1
CHIL_NBARC.Chr06.31,CHIL,G1
SF.scaffold14221.60,CASF,G1
CZUN_NBARC.Chr06.20,CZUN,G1
ECW.scaffold9420.140,CECW,G1
CHIL_NBARC.Chr06.16,CHIL,G1
CA.PGAv.1.6.scaffold1646.14,CANN,G1
SF.scaffold5721.20,CASF,G1
CA.PGAv.1.6.scaffold1574.8,CANN,G1
SF.scaffold93939.10,CASF,G1
ECW.scaffold25762.10,CECW,G1
CHIL_NBARC.Chr00.241,CHIL,G1
SF.scaffold26255.40,CASF,G1
CHIL_NBARC.Chr00.49,CHIL,G1
ECW.scaffold46786.20,CECW,G1
CHIL_NBARC.Chr06.20,CHIL,G1
CA.PGAv.1.6.scaffold1646.17,CANN,G1
SF.scaffold5721.10,CASF,G1
CA.PGAv.1.6.scaffold895.19,CANN,G1
CA.PGAv.1.6.scaffold1443.15,CANN,G1
CZUN_NBARC.Chr06.28,CZUN,G1
CA.PGAv.1.6.scaffold941.22,CANN,G1
ECW.scaffold9420.130,CECW,G1
CZUN_NBARC.Chr00.87,CZUN,G1
CA.PGAv.1.6.scaffold1703.20,CANN,G1
Capana06g003013,CZUN,G1
CA.PGAv.1.6.scaffold241.9,CANN,G1
Capana06g002827,CZUN,G1
SF.scaffold50364.30,CASF,G1
ECW.scaffold49912.30,CECW,G1
CHIL_NBARC.Chr06.9,CHIL,G1
CA.PGAv.1.6.scaffold538.11,CANN,G1
Capana06g002648,CZUN,G1
ECW.scaffold16738.10,CECW,G1
SF.scaffold1329.20,CASF,G1
CHIL_NBARC.Chr06.5,CHIL,G1
CANN_NBARC.PGAv.1.6.scaffold895.2,CANN,G1
CZUN_NBARC.Chr06.30,CZUN,G1
CA.PGAv.1.6.scaffold1443.4,CANN,G1
CHIL_NBARC.Chr06.18,CHIL,G1
CHIL_NBARC.Chr06.22,CHIL,G1
CANN_NBARC.PGAv.1.6.scaffold741.2,CANN,G1
CA.PGAv.1.6.scaffold2179.2,CANN,G1
CA.PGAv.1.6.scaffold941.25,CANN,G1
CHIL_NBARC.Chr00.286,CHIL,G1
SF.scaffold14221.70,CASF,G1
CZUN_NBARC.Chr06.21,CZUN,G1
CA.PGAv.1.6.scaffold1646.18,CANN,G1
SF.scaffold64054.10,CASF,G1
CHIL_NBARC.Chr00.65,CHIL,G1
CA.PGAv.1.6.scaffold741.16,CANN,G1
SF.scaffold33126.70,CASF,G1
ECW.scaffold29302.30,CECW,G1
CHIL_NBARC.Chr06.14,CHIL,G1
CZUN_NBARC.Chr06.15,CZUN,G1
SF.scaffold94564.10,CASF,G1
CZUN_NBARC.Chr06.32,CZUN,G1
CZUN_NBARC.Chr06.45,CZUN,G1
CHIL_NBARC.Chr06.28,CHIL,G1
CZUN_NBARC.Chr06.13,CZUN,G1
CA.PGAv.1.6.scaffold741.28,CANN,G1
ECW.scaffold5627.10,CECW,G1
CHIL_NBARC.Chr06.19,CHIL,G1
CA.PGAv.1.6.scaffold1343.12,CANN,G1
ECW.scaffold50560.40,CECW,G1
CZUN_NBARC.Chr02.7,CZUN,G1
SF.scaffold25067.170,CASF,G1
CHIL_NBARC.Chr02.23,CHIL,G1
CA.PGAv.1.6.scaffold941.19,CANN,G1
SF.scaffold14221.20,CASF,G1
ECW.scaffold9420.110,CECW,G1
CHIL_NBARC.Chr06.15,CHIL,G1
CZUN_NBARC.Chr06.17,CZUN,G1
CA.PGAv.1.6.scaffold1440.12,CANN,G1
CZUN_NBARC.Chr00.88,CZUN,G1
CZUN_NBARC.Chr06.26,CZUN,G1
CA.PGAv.1.6.scaffold241.11,CANN,G1
CA.PGAv.1.6.scaffold741.38,CANN,G1
CHIL_NBARC.Chr06.33,CHIL,G1
ECW.scaffold9638.100,CECW,G1
CZUN_NBARC.Chr06.10,CZUN,G1
SF.scaffold15134.30,CASF,G1
ECW.scaffold40161.40,CECW,G1
CA.PGAv.1.6.scaffold869.11,CANN,G1
ECW.scaffold93750.10,CECW,G1
CZUN_NBARC.Chr00.140,CZUN,G1
CA.PGAv.1.6.scaffold1926.3,CANN,G1
CZUN_NBARC.Chr06.25,CZUN,G1
CA.PGAv.1.6.scaffold1953.3,CANN,G1
CZUN_NBARC.Chr00.77,CZUN,G1
CZUN_NBARC.Chr00.115,CZUN,G1
Capana03g004382,CZUN,G1
CZUN_NBARC.Chr06.24,CZUN,G1
CZUN_NBARC.Chr00.68,CZUN,G1
CZUN_NBARC.Chr00.97,CZUN,G1
CZUN_NBARC.Chr00.118,CZUN,G1
CA.PGAv.1.6.scaffold741.5,CANN,G1
CHIL_NBARC.Chr00.172,CHIL,G1
SF.scaffold9609.20,CASF,G1
CZUN_NBARC.Chr06.9,CZUN,G1
CA.PGAv.1.6.scaffold1440.2,CANN,G1
CHIL_NBARC.Chr00.239,CHIL,G1
CA.PGAv.1.6.scaffold1574.6,CANN,G1
SF.scaffold12014.20,CASF,G1
CANN_NBARC.PGAv.1.6.scaffold1926.1,CANN,G1
ECW.scaffold4737.10,CECW,G1
Capana06g003034,CZUN,G1
CHIL_NBARC.Chr03.16,CHIL,G1
CA.PGAv.1.6.scaffold1287.2,CANN,G1
CZUN_NBARC.Chr06.43,CZUN,G1
ECW.scaffold57629.20,CECW,G1
CHIL_NBARC.Chr06.34,CHIL,G1
SF.scaffold30413.10,CASF,G1
CA.PGAv.1.6.scaffold1492.1,CANN,G1
CA.PGAv.1.6.scaffold538.12,CANN,G1
SF.scaffold1329.30,CASF,G1
CHIL_NBARC.Chr06.4,CHIL,G1
CZUN_NBARC.Chr06.2,CZUN,G1
ECW.scaffold16738.20,CECW,G1
Mi1.2_G1,Know,G1
Rpi-blb2_G1,Know,G1
CA.PGAv.1.6.scaffold186.40,CANN,G1
SF.scaffold27534.80,CASF,G1
CHIL_NBARC.Chr05.11,CHIL,G1
CZUN_NBARC.Chr05.5,CZUN,G1
ECW.scaffold27436.70,CECW,G1
CA.PGAv.1.6.scaffold449.2,CANN,G1
CASF_NBARC.scaffold3153.1,CASF,G1
CZUN_NBARC.Chr00.181,CZUN,G1
CHIL_NBARC.Chr00.22,CHIL,G1
CHIL_NBARC.Chr00.25,CHIL,G1
ECW.scaffold11057.10,CECW,G1
CA.PGAv.1.6.scaffold449.7,CANN,G1
CHIL_NBARC.Chr03.4,CHIL,G1
SF.scaffold3153.20,CASF,G1
CZUN_NBARC.Chr00.179,CZUN,G1
ECW.scaffold11057.30,CECW,G1
CHIL_NBARC.Chr05.54,CHIL,G1
CHIL_NBARC.Chr00.93,CHIL,G1
CA.PGAv.1.6.scaffold449.52,CANN,G1
SF.scaffold47.160,CASF,G1
ECW.scaffold10947.150,CECW,G1
CA.PGAv.1.6.scaffold2014.2,CANN,G1
CHIL_NBARC.Chr02.18,CHIL,G1
CZUN_NBARC.Chr00.177,CZUN,G1
CA.PGAv.1.6.scaffold1268.6,CANN,G1
CZUN_NBARC.Chr05.39,CZUN,G1
ECW.scaffold3922.10,CECW,G1
SF.scaffold3728.20,CASF,G1
CHIL_NBARC.Chr05.47,CHIL,G1
ECW.scaffold73085.40,CECW,G1
CA.PGAv.1.6.scaffold1590.3,CANN,G1
CHIL_NBARC.Chr00.4,CHIL,G1
CZUN_NBARC.Chr05.52,CZUN,G1
CA.PGAv.1.6.scaffold2072.1,CANN,G1
CECW_NBARC.scaffold12442.1,CECW,G1
CHIL_NBARC.Chr00.71,CHIL,G1
CZUN_NBARC.Chr00.82,CZUN,G1
CA.PGAv.1.6.scaffold1744.6,CANN,G1
CZUN_NBARC.Chr05.49,CZUN,G1
SF.scaffold4027.10,CASF,G1
CHIL_NBARC.Chr00.279,CHIL,G1
CZUN_NBARC.Chr05.44,CZUN,G1
CA.PGAv.1.6.scaffold1447.7,CANN,G1
CZUN_NBARC.Chr00.178,CZUN,G1
CA.PGAv.1.6.scaffold449.1,CANN,G1
CA.PGAv.1.6.scaffold1798.1,CANN,G1
CHIL_NBARC.Chr00.220,CHIL,G1
CA.PGAv.1.6.scaffold1696.2,CANN,G1
ECW.scaffold17263.50,CECW,G1
CZUN_NBARC.Chr05.54,CZUN,G1
CA.PGAv.1.6.scaffold449.3,CANN,G1
CA.PGAv.1.6.scaffold449.5,CANN,G1
SF.scaffold3153.30,CASF,G1
CZUN_NBARC.Chr00.180,CZUN,G1
CHIL_NBARC.Chr00.23,CHIL,G1
ECW.scaffold11057.20,CECW,G1
CHIL_NBARC.Chr03.5,CHIL,G1
CA.PGAv.1.6.scaffold1447.12,CANN,G1
ECW.scaffold14310.20,CECW,G1
SF.scaffold7741.50,CASF,G1
CHIL_NBARC.Chr00.294,CHIL,G1
CZUN_NBARC.Chr05.55,CZUN,G1
CA.PGAv.1.6.scaffold1617.8,CANN,G1
CZUN_NBARC.Chr05.37,CZUN,G1
CZUN_NBARC.Chr05.38,CZUN,G1
CANN_NBARC.PGAv.1.6.scaffold1744.1,CANN,G1
SF.scaffold4027.30,CASF,G1
CZUN_NBARC.Chr05.50,CZUN,G1
CECW_NBARC.scaffold17264.1,CECW,G1
CA.PGAv.1.6.scaffold220.69,CANN,G6
CHIL_NBARC.Chr03.25,CHIL,G6
CZUN_NBARC.Chr03.11,CZUN,G6
CA.PGAv.1.6.scaffold681.57,CANN,G6
CZUN_NBARC.Chr03.33,CZUN,G6
CA.PGAv.1.6.scaffold681.56,CANN,G6
ECW.scaffold615.230,CECW,G6
CZUN_NBARC.Chr03.34,CZUN,G6
CHIL_NBARC.Chr04.2,CHIL,G6
SF.scaffold4370.240,CASF,G6
CA.PGAv.1.6.scaffold681.41,CANN,G6
CZUN_NBARC.Chr03.39,CZUN,G6
ECW.scaffold615.70,CECW,G6
CA.PGAv.1.6.scaffold375.80,CANN,G6
ECW.scaffold14371.40,CECW,G6
SF.scaffold9595.90,CASF,G6
CHIL_NBARC.Chr00.311,CHIL,G6
Capana07g002014,CZUN,G6
CA.PGAv.1.6.scaffold681.45,CANN,G6
SF.scaffold4370.120,CASF,G6
CHIL_NBARC.Chr00.151,CHIL,G6
CA.PGAv.1.6.scaffold681.55,CANN,G6
CHIL_NBARC.Chr04.3,CHIL,G6
CZUN_NBARC.Chr03.35,CZUN,G6
ECW.scaffold615.210,CECW,G6
SF.scaffold4370.220,CASF,G6
SF.scaffold96469.40,CASF,G6
CZUN_NBARC.Chr03.46,CZUN,G6
CHIL_NBARC.Chr00.289,CHIL,G6
ECW.scaffold25511.30,CECW,G6
CA.PGAv.1.6.scaffold681.35,CANN,G6
CECW_NBARC.scaffold24919.1,CECW,G6
Capana03g004259,CZUN,G6
CHIL_NBARC.Chr00.144,CHIL,G6
CA.PGAv.1.6.scaffold681.46,CANN,G6
ECW.scaffold615.120,CECW,G6
SF.scaffold4370.130,CASF,G6
CZUN_NBARC.Chr03.37,CZUN,G6
CHIL_NBARC.Chr00.152,CHIL,G6
CHIL_NBARC.Chr00.146,CHIL,G6
Sw-5_G6,Know,G6
CA.PGAv.1.6.scaffold616.13,CANN,G6
CHIL_NBARC.Chr11.42,CHIL,G6
ECW.scaffold7745.130,CECW,G6
SF.scaffold7706.110,CASF,G6
CZUN_NBARC.Chr11.41,CZUN,G6
CA.PGAv.1.6.scaffold681.49,CANN,G6
ECW.scaffold615.150,CECW,G6
CHIL_NBARC.Chr04.27,CHIL,G6
CZUN_NBARC.Chr03.36,CZUN,G6
SF.scaffold4370.150,CASF,G6
CHIL_NBARC.Chr00.145,CHIL,G6
CANN_NBARC.PGAv.1.6.scaffold681.1,CANN,G6
Capana03g004264,CZUN,G6
ECW.scaffold24919.110,CECW,G6
CASF_NBARC.scaffold17207.1,CASF,G6
CHIL_NBARC.Chr03.52,CHIL,G6
CA.PGAv.1.6.scaffold681.30,CANN,G6
Capana03g004263,CZUN,G6
ECW.scaffold24919.120,CECW,G6
SF.scaffold17207.150,CASF,G6
CHIL_NBARC.Chr03.51,CHIL,G6
CA.PGAv.1.6.scaffold681.58,CANN,G6
ECW.scaffold615.250,CECW,G6
CZUN_NBARC.Chr03.32,CZUN,G6
CHIL_NBARC.Chr00.87,CHIL,G6
CA.PGAv.1.6.scaffold710.24,CANN,G6
SF.scaffold4370.290,CASF,G6
ECW.scaffold615.300,CECW,G6
CHIL_NBARC.Chr03.49,CHIL,G6
CA.PGAv.1.6.scaffold710.25,CANN,G6
CZUN_NBARC.Chr03.31,CZUN,G6
SF.scaffold4370.300,CASF,G6
ECW.scaffold615.310,CECW,G6
CHIL_NBARC.Chr03.48,CHIL,G6
CA.PGAv.1.6.scaffold710.27,CANN,G6
SF.scaffold4370.310,CASF,G6
CZUN_NBARC.Chr03.30,CZUN,G6
CHIL_NBARC.Chr03.47,CHIL,G6
ECW.scaffold615.320,CECW,G6
CA.PGAv.1.6.scaffold1552.6,CANN,G6
CZUN_NBARC.Chr00.117,CZUN,G6
SF.scaffold13664.160,CASF,G6
ECW.scaffold24051.10,CECW,G6
CHIL_NBARC.Chr03.55,CHIL,G6
CA.PGAv.1.6.scaffold681.42,CANN,G6
SF.scaffold4370.90,CASF,G6
CHIL_NBARC.Chr00.149,CHIL,G6
CA.PGAv.1.6.scaffold681.39,CANN,G6
CHIL_NBARC.Chr00.148,CHIL,G6
CHIL_NBARC.Chr03.60,CHIL,G6
CA.PGAv.1.6.scaffold674.42,CANN,G6
SF.scaffold31499.120,CASF,G6
Capana11g002244,CZUN,G6
ECW.scaffold12276.130,CECW,G6
CHIL_NBARC.Chr11.55,CHIL,G6
CA.PGAv.1.6.scaffold674.50,CANN,G6
CA.PGAv.1.6.scaffold674.53,CANN,G6
CHIL_NBARC.Chr00.73,CHIL,G6
CHIL_NBARC.Chr11.51,CHIL,G6
SF.scaffold30231.50,CASF,G6
Capana11g002239,CZUN,G6
CECW_NBARC.scaffold4042.1,CECW,G6
CHIL_NBARC.Chr11.50,CHIL,G6
CA.PGAv.1.6.scaffold1784.1,CANN,G6
SF.scaffold21060.10,CASF,G6
CHIL_NBARC.Chr00.75,CHIL,G6
ECW.scaffold73918.10,CECW,G6
Capana11g002141,CZUN,G6
CA.PGAv.1.6.scaffold674.48,CANN,G6
CA.PGAv.1.6.scaffold5941.1,CANN,G6
CA.PGAv.1.6.scaffold674.51,CANN,G6
ECW.scaffold4042.30,CECW,G6
CZUN_NBARC.Chr11.44,CZUN,G6
CHIL_NBARC.Chr11.52,CHIL,G6
SF.scaffold30231.30,CASF,G6
CA.PGAv.1.6.scaffold710.37,CANN,G6
ECW.scaffold615.400,CECW,G6
SF.scaffold4370.410,CASF,G6
Capana03g004224,CZUN,G6
CHIL_NBARC.Chr03.45,CHIL,G6
CA.PGAv.1.6.scaffold1199.10,CANN,G6
CASF_NBARC.scaffold17999.1,CASF,G6
ECW.scaffold24765.30,CECW,G6
CHIL_NBARC.Chr01.23,CHIL,G6
CA.PGAv.1.6.scaffold97.11,CANN,G3
Capana09g001940,CZUN,G3
ECW.scaffold5914.110,CECW,G3
SF.scaffold18533.10,CASF,G3
CHIL_NBARC.Chr09.83,CHIL,G3
CA.PGAv.1.6.scaffold282.4,CANN,G3
CA.PGAv.1.6.scaffold282.7,CANN,G3
CA.PGAv.1.6.scaffold322.5,CANN,G3
CA.PGAv.1.6.scaffold641.66,CANN,G3
CA.PGAv.1.6.scaffold3893.1,CANN,G3
CHIL_NBARC.Chr10.15,CHIL,G3
Capana10g002284,CZUN,G3
CHIL_NBARC.Chr10.13,CHIL,G3
CA.PGAv.1.6.scaffold541.32,CANN,G3
ECW.scaffold76840.30,CECW,G3
CA.PGAv.1.6.scaffold660.29,CANN,G3
CHIL_NBARC.Chr02.9,CHIL,G3
ECW.scaffold48097.10,CECW,G3
CA.PGAv.1.6.scaffold707.14,CANN,G3
Capana11g001988,CZUN,G3
ECW.scaffold26401.120,CECW,G3
SF.scaffold16214.320,CASF,G3
CHIL_NBARC.Chr11.45,CHIL,G3
CA.PGAv.1.6.scaffold707.15,CANN,G3
CECW_NBARC.scaffold26401.1,CECW,G3
Capana11g001989,CZUN,G3
SF.scaffold16214.310,CASF,G3
CHIL_NBARC.Chr11.46,CHIL,G3
CA.PGAv.1.6.scaffold184.5,CANN,G8
SF.scaffold4316.10,CASF,G8
CHIL_NBARC.Chr11.48,CHIL,G8
ECW.scaffold299617.10,CECW,G8
Capana11g002151,CZUN,G8
CA.PGAv.1.6.scaffold1832.1,CANN,G8
ECW.scaffold382261.10,CECW,G8
SF.scaffold269431.10,CASF,G8
CHIL_NBARC.Chr00.234,CHIL,G8
Capana00g003205,CZUN,G8
CA.PGAv.1.6.scaffold710.23,CANN,G8
ECW.scaffold615.290,CECW,G8
CHIL_NBARC.Chr03.50,CHIL,G8
Capana03g004239,CZUN,G8
SF.scaffold4370.280,CASF,G8
CA.PGAv.1.6.scaffold656.34,CANN,G8
Capana11g002262,CZUN,G8
ECW.scaffold31807.110,CECW,G8
SF.scaffold21676.50,CASF,G8
CHIL_NBARC.Chr11.60,CHIL,G8
CA.PGAv.1.6.scaffold1784.3,CANN,G8
CHIL_NBARC.Chr00.74,CHIL,G8
ECW.scaffold73918.30,CECW,G8
SF.scaffold21060.30,CASF,G8
Capana11g002143,CZUN,G8
CA.PGAv.1.6.scaffold656.39,CANN,G8
Capana11g002257,CZUN,G8
CHIL_NBARC.Chr11.57,CHIL,G8
ECW.scaffold12276.10,CECW,G8
SF.scaffold31499.10,CASF,G8
CA.PGAv.1.6.scaffold656.35,CANN,G8
Capana11g002260,CZUN,G8
ECW.scaffold356152.20,CECW,G8
CHIL_NBARC.Chr11.59,CHIL,G8
SF.scaffold21676.30,CASF,G8
CA.PGAv.1.6.scaffold362.9,CANN,G8
ECW.scaffold31594.80,CECW,G8
CHIL_NBARC.Chr08.4,CHIL,G8
SF.scaffold10997.200,CASF,G8
Capana01g003486,CZUN,G8
NRC1_G8,Know,G8
CA.PGAv.1.6.scaffold378.9,CANN,G8
CHIL_NBARC.Chr00.11,CHIL,G8
ECW.scaffold1263.20,CECW,G8
SF.scaffold639.20,CASF,G8
CA.PGAv.1.6.scaffold656.40,CANN,G8
ECW.scaffold12276.30,CECW,G8
CHIL_NBARC.Chr11.56,CHIL,G8
Capana11g002255,CZUN,G8
SF.scaffold31499.30,CASF,G8
CA.PGAv.1.6.scaffold177.20,CANN,G11
ECW.scaffold131775.30,CECW,G11
CHIL_NBARC.Chr07.14,CHIL,G11
SF.scaffold18657.30,CASF,G11
Capana07g001142,CZUN,G11
CA.PGAv.1.6.scaffold812.10,CANN,G11
SF.scaffold10306.110,CASF,G11
CZUN_NBARC.Chr03.43,CZUN,G11
CECW_NBARC.scaffold28259.1,CECW,G11
CA.PGAv.1.6.scaffold1155.27,CANN,G11
SF.scaffold6998.120,CASF,G11
CZUN_NBARC.Chr03.24,CZUN,G11
ECW.scaffold7062.120,CECW,G11
CHIL_NBARC.Chr03.41,CHIL,G11
CA.PGAv.1.6.scaffold1155.29,CANN,G11
SF.scaffold6998.100,CASF,G11
CZUN_NBARC.Chr03.21,CZUN,G11
ECW.scaffold7062.100,CECW,G11
CHIL_NBARC.Chr00.106,CHIL,G11
CA.PGAv.1.6.scaffold1155.28,CANN,G11
CHIL_NBARC.Chr03.39,CHIL,G11
ECW.scaffold7062.110,CECW,G11
SF.scaffold6998.110,CASF,G11
CZUN_NBARC.Chr03.22,CZUN,G11
CA.PGAv.1.6.scaffold1684.7,CANN,G11
CHIL_NBARC.Chr03.44,CHIL,G11
CZUN_NBARC.Chr03.28,CZUN,G11
SF.scaffold7506.70,CASF,G11
CECW_NBARC.scaffold20090.1,CECW,G11
Tm-2_G11,Know,G11
Tm-2a_G11,Know,G11
Ph-3_G11,Know,G11
CA.PGAv.1.6.scaffold1859.4,CANN,G11
CHIL_NBARC.Chr02.11,CHIL,G11
ECW.scaffold3021.30,CECW,G11
SF.scaffold46725.120,CASF,G11
CZUN_NBARC.Chr02.3,CZUN,G11
CA.PGAv.1.6.scaffold650.37,CANN,NG
SF.scaffold11300.30,CASF,NG
Capana02g001539,CZUN,NG
ECW.scaffold304.50,CECW,NG
CHIL_NBARC.Chr02.14,CHIL,NG
CA.PGAv.1.6.scaffold650.40,CANN,NG
CHIL_NBARC.Chr02.13,CHIL,NG
ECW.scaffold304.80,CECW,NG
SF.scaffold3500.10,CASF,NG
Capana02g001536,CZUN,NG
CA.PGAv.1.6.scaffold650.41,CANN,NG
ECW.scaffold304.90,CECW,NG
Capana02g001535,CZUN,NG
SF.scaffold3500.20,CASF,NG
Capang02g001363,CHIL,NG
CA.PGAv.1.6.scaffold650.44,CANN,NG
Capana02g001561,CZUN,NG
ECW.scaffold304.110,CECW,NG
SF.scaffold3500.50,CASF,NG
CA.PGAv.1.6.scaffold151.10,CANN,G5
CHIL_NBARC.Chr05.35,CHIL,G5
CA.PGAv.1.6.scaffold194.4,CANN,G5
ECW.scaffold18827.10,CECW,G5
SF.scaffold1459570.10,CASF,G5
Capana05g000713,CZUN,G5
CHIL_NBARC.Chr05.15,CHIL,G5
CA.PGAv.1.6.scaffold194.23,CANN,G5
ECW.scaffold13189.20,CECW,G5
CHIL_NBARC.Chr05.14,CHIL,G5
Capana05g000686,CZUN,G5
SF.scaffold8084.20,CASF,G5
CA.PGAv.1.6.scaffold458.21,CANN,G5
Capana05g000769,CZUN,G5
ECW.scaffold39082.10,CECW,G5
SF.scaffold14302.10,CASF,G5
CHIL_NBARC.Chr05.18,CHIL,G5
CA.PGAv.1.6.scaffold619.19,CANN,G5
Capana03g001876,CZUN,G5
CHIL_NBARC.Chr03.9,CHIL,G5
ECW.scaffold114431.20,CECW,G5
SF.scaffold182907.30,CASF,G5
CA.PGAv.1.6.scaffold619.15,CANN,G5
SF.scaffold82934.10,CASF,G5
CA.PGAv.1.6.scaffold619.23,CANN,G5
Capana03g001869,CZUN,G5
CHIL_NBARC.Chr03.7,CHIL,G5
SF.scaffold48437.20,CASF,G5
ECW.scaffold60995.20,CECW,G5
R2_G5,Know,G5
Rpi-abpt_G5,Know,G5
Rpi-blb3_G5,Know,G5
CANN_NBARC.PGAv.1.6.scaffold619.2,CANN,G5
CA.PGAv.1.6.scaffold619.24,CANN,G5
ECW.scaffold60995.10,CECW,G5
Capana03g001868,CZUN,G5
SF.scaffold48437.10,CASF,G5
CHIL_NBARC.Chr03.6,CHIL,G5
CA.PGAv.1.6.scaffold274.8,CANN,G5
CA.PGAv.1.6.scaffold724.37,CANN,G5
ECW.scaffold6301.40,CECW,G5
Capana04g000687,CZUN,G5
CHIL_NBARC.Chr04.4,CHIL,G5
SF.scaffold6715.20,CASF,G5
CA.PGAv.1.6.scaffold724.38,CANN,G5
ECW.scaffold6301.50,CECW,G5
SF.scaffold6715.30,CASF,G5
CHIL_NBARC.Chr04.5,CHIL,G5
Capana04g000688,CZUN,G5
CA.PGAv.1.6.scaffold724.39,CANN,G5
Capana04g000689,CZUN,G5
SF.scaffold6715.40,CASF,G5
ECW.scaffold6301.60,CECW,G5
CHIL_NBARC.Chr04.6,CHIL,G5
CA.PGAv.1.6.scaffold566.19,CANN,NG
SF.scaffold7024.10,CASF,NG
Capana00g002764,CZUN,NG
ECW.scaffold16114.90,CECW,NG
CHIL_NBARC.Chr03.57,CHIL,NG
CA.PGAv.1.6.scaffold220.82,CANN,NG
SF.scaffold3499.350,CASF,NG
Capana00g000433,CZUN,NG
Capana00g000508,CZUN,NG
ECW.scaffold33784.30,CECW,NG
CED-4,Know,NG
